dataset,best_config,relation,relation_name,relation_gloss_zh,mapping_direction,direction,query_text,query_entity,fixed_entity,gold_entity,stage1_top1,final_top1,stage1_rank,final_rank,rank_gain,candidate_count,active_rule_count,baseline_mrr_relation,final_mrr_relation
KG20C,init_dep_with_lift,1,author_write_paper,作者撰写论文,many-to-many,tail,"(80F461D0, author_write_paper, ?)",80F461D0,,805CD994,7EF36E06,805CD994,12.0,1.0,11.0,100,100,0.23051,0.24791
KG20C,init_dep_with_lift,1,author_write_paper,作者撰写论文,many-to-many,tail,"(7E2B669B, author_write_paper, ?)",7E2B669B,,7E533F1A,5B876262,7E533F1A,10.0,1.0,9.0,100,100,0.23051,0.24791
KG20C,init_dep_with_lift,1,author_write_paper,作者撰写论文,many-to-many,tail,"(782C7C4D, author_write_paper, ?)",782C7C4D,,0C1A4B01,7E9AB16C,0C1A4B01,9.0,1.0,8.0,100,100,0.23051,0.24791
KG20C,init_dep_with_lift,1,author_write_paper,作者撰写论文,many-to-many,head,"(?, author_write_paper, 80F19E22)",,80F19E22,07C6C8C9,7E56C8FC,07C6C8C9,8.0,1.0,7.0,100,100,0.23051,0.24791
KG20C,init_dep_with_lift,1,author_write_paper,作者撰写论文,many-to-many,head,"(?, author_write_paper, 7D4A568F)",,7D4A568F,7BD609A4,7F05BE3D,7BD609A4,7.0,1.0,6.0,100,100,0.23051,0.24791
KG20C,init_dep_with_lift,1,author_write_paper,作者撰写论文,many-to-many,head,"(?, author_write_paper, 7E533F1A)",,7E533F1A,7E2B669B,11BA75DA,7E2B669B,7.0,1.0,6.0,100,100,0.23051,0.24791
KG20C,init_dep_with_lift,1,author_write_paper,作者撰写论文,many-to-many,tail,"(76851904, author_write_paper, ?)",76851904,,7F0B0193,778850EB,7F0B0193,6.0,1.0,5.0,100,100,0.23051,0.24791
KG20C,init_dep_with_lift,1,author_write_paper,作者撰写论文,many-to-many,tail,"(793344FC, author_write_paper, ?)",793344FC,,814FDEF1,7F814FE1,814FDEF1,6.0,1.0,5.0,100,100,0.23051,0.24791
KG20C,init_dep_with_lift,1,author_write_paper,作者撰写论文,many-to-many,tail,"(84A1E9D6, author_write_paper, ?)",84A1E9D6,,7CFE8B0C,7D94E3AC,7CFE8B0C,6.0,1.0,5.0,100,100,0.23051,0.24791
KG20C,init_dep_with_lift,1,author_write_paper,作者撰写论文,many-to-many,head,"(?, author_write_paper, 5E05C4FB)",,5E05C4FB,7F1321A7,816FC463,7F1321A7,6.0,1.0,5.0,100,100,0.23051,0.24791
KG20C,init_dep_with_lift,1,author_write_paper,作者撰写论文,many-to-many,head,"(?, author_write_paper, 5E40259A)",,5E40259A,7F08F36E,85314534,7F08F36E,6.0,1.0,5.0,100,100,0.23051,0.24791
KG20C,init_dep_with_lift,1,author_write_paper,作者撰写论文,many-to-many,head,"(?, author_write_paper, 7C504F77)",,7C504F77,7AF6D7D6,7FA4B495,7AF6D7D6,6.0,1.0,5.0,100,100,0.23051,0.24791
KG20C,init_dep_with_lift,1,author_write_paper,作者撰写论文,many-to-many,tail,"(06A148EF, author_write_paper, ?)",06A148EF,,7ADBD2EC,5B5AF9A6,7ADBD2EC,5.0,1.0,4.0,100,100,0.23051,0.24791
KG20C,init_dep_with_lift,1,author_write_paper,作者撰写论文,many-to-many,tail,"(7DF487FE, author_write_paper, ?)",7DF487FE,,816FBD21,7F9E680E,816FBD21,5.0,1.0,4.0,100,100,0.23051,0.24791
KG20C,init_dep_with_lift,1,author_write_paper,作者撰写论文,many-to-many,head,"(?, author_write_paper, 76523D61)",,76523D61,6D67F1BA,7E5F6B93,6D67F1BA,5.0,1.0,4.0,100,100,0.23051,0.24791
KG20C,init_dep_with_lift,1,author_write_paper,作者撰写论文,many-to-many,head,"(?, author_write_paper, 7CEEEC7D)",,7CEEEC7D,802132F1,7ECB6B4A,802132F1,5.0,1.0,4.0,100,100,0.23051,0.24791
KG20C,init_dep_with_lift,1,author_write_paper,作者撰写论文,many-to-many,head,"(?, author_write_paper, 7F495E20)",,7F495E20,80C91A39,80CAE529,80C91A39,5.0,1.0,4.0,100,100,0.23051,0.24791
KG20C,init_dep_with_lift,1,author_write_paper,作者撰写论文,many-to-many,head,"(?, author_write_paper, 7FF47AF9)",,7FF47AF9,7E5744A2,758EC809,7E5744A2,5.0,1.0,4.0,100,100,0.23051,0.24791
KG20C,init_dep_with_lift,1,author_write_paper,作者撰写论文,many-to-many,head,"(?, author_write_paper, 80DAA99F)",,80DAA99F,7A146798,5B4392E8,7A146798,5.0,1.0,4.0,100,100,0.23051,0.24791
KG20C,init_dep_with_lift,1,author_write_paper,作者撰写论文,many-to-many,tail,"(7D47571C, author_write_paper, ?)",7D47571C,,5BCFAD95,80500CF5,5BCFAD95,4.0,1.0,3.0,100,100,0.23051,0.24791
KG20C,init_dep_with_lift,1,author_write_paper,作者撰写论文,many-to-many,head,"(?, author_write_paper, 8023D149)",,8023D149,80197C8B,80CAE529,80197C8B,4.0,1.0,3.0,100,100,0.23051,0.24791
KG20C,init_dep_with_lift,1,author_write_paper,作者撰写论文,many-to-many,tail,"(13A30FFA, author_write_paper, ?)",13A30FFA,,7DEAFE65,7FFCFED7,7DEAFE65,3.0,1.0,2.0,100,100,0.23051,0.24791
KG20C,init_dep_with_lift,1,author_write_paper,作者撰写论文,many-to-many,tail,"(775B7B1E, author_write_paper, ?)",775B7B1E,,7E094AEF,7B8A28D1,7E094AEF,3.0,1.0,2.0,100,100,0.23051,0.24791
KG20C,init_dep_with_lift,1,author_write_paper,作者撰写论文,many-to-many,tail,"(80575B6C, author_write_paper, ?)",80575B6C,,7E995AE4,626274C5,7E995AE4,3.0,1.0,2.0,100,100,0.23051,0.24791
KG20C,init_dep_with_lift,1,author_write_paper,作者撰写论文,many-to-many,head,"(?, author_write_paper, 63041629)",,63041629,82EBCD30,10C6FD09,82EBCD30,3.0,1.0,2.0,100,100,0.23051,0.24791
KG20C,init_dep_with_lift,1,author_write_paper,作者撰写论文,many-to-many,head,"(?, author_write_paper, 7B50FC31)",,7B50FC31,80509AFE,7EE1FB1B,80509AFE,3.0,1.0,2.0,100,100,0.23051,0.24791
KG20C,init_dep_with_lift,1,author_write_paper,作者撰写论文,many-to-many,head,"(?, author_write_paper, 7CFD178A)",,7CFD178A,7EEF16EA,801A28FB,7EEF16EA,3.0,1.0,2.0,100,100,0.23051,0.24791
KG20C,init_dep_with_lift,1,author_write_paper,作者撰写论文,many-to-many,head,"(?, author_write_paper, 7D17A093)",,7D17A093,7D413665,801A28FB,7D413665,3.0,1.0,2.0,100,100,0.23051,0.24791
KG20C,init_dep_with_lift,1,author_write_paper,作者撰写论文,many-to-many,head,"(?, author_write_paper, 7EDF0F0C)",,7EDF0F0C,7D6FF632,7686F4FC,7D6FF632,3.0,1.0,2.0,100,100,0.23051,0.24791
KG20C,init_dep_with_lift,1,author_write_paper,作者撰写论文,many-to-many,head,"(?, author_write_paper, 8090D20E)",,8090D20E,26C729FA,816FC463,26C729FA,3.0,1.0,2.0,100,100,0.23051,0.24791
KG20C,init_dep_with_lift,1,author_write_paper,作者撰写论文,many-to-many,head,"(?, author_write_paper, 80DA0410)",,80DA0410,7657F30F,7F85015B,7657F30F,3.0,1.0,2.0,100,100,0.23051,0.24791
KG20C,init_dep_with_lift,1,author_write_paper,作者撰写论文,many-to-many,head,"(?, author_write_paper, 836EB792)",,836EB792,7D4C3F27,7FF0970C,7D4C3F27,3.0,1.0,2.0,100,100,0.23051,0.24791
KG20C,init_dep_with_lift,1,author_write_paper,作者撰写论文,many-to-many,tail,"(051B5D58, author_write_paper, ?)",051B5D58,,7F10CE41,7F10CE41,7F10CE41,2.0,1.0,1.0,100,100,0.23051,0.24791
KG20C,init_dep_with_lift,1,author_write_paper,作者撰写论文,many-to-many,tail,"(059216FE, author_write_paper, ?)",059216FE,,7F46E38D,7DD09999,7F46E38D,2.0,1.0,1.0,100,100,0.23051,0.24791
KG20C,init_dep_with_lift,1,author_write_paper,作者撰写论文,many-to-many,tail,"(11DC9F27, author_write_paper, ?)",11DC9F27,,7F301E21,7DB65A75,7F301E21,2.0,1.0,1.0,100,100,0.23051,0.24791
KG20C,init_dep_with_lift,1,author_write_paper,作者撰写论文,many-to-many,tail,"(77F7EB40, author_write_paper, ?)",77F7EB40,,7F21521F,7D82EEC5,7F21521F,2.0,1.0,1.0,100,100,0.23051,0.24791
KG20C,init_dep_with_lift,1,author_write_paper,作者撰写论文,many-to-many,tail,"(7D49F3BF, author_write_paper, ?)",7D49F3BF,,80D3E7D2,7D567B33,80D3E7D2,2.0,1.0,1.0,100,100,0.23051,0.24791
KG20C,init_dep_with_lift,1,author_write_paper,作者撰写论文,many-to-many,tail,"(7D881A87, author_write_paper, ?)",7D881A87,,80D3E7D2,7D567B33,80D3E7D2,2.0,1.0,1.0,100,100,0.23051,0.24791
KG20C,init_dep_with_lift,1,author_write_paper,作者撰写论文,many-to-many,tail,"(7F735FC4, author_write_paper, ?)",7F735FC4,,80DE9FE6,7BC1A0BE,80DE9FE6,2.0,1.0,1.0,100,100,0.23051,0.24791
KG20C,init_dep_with_lift,1,author_write_paper,作者撰写论文,many-to-many,tail,"(804D8D57, author_write_paper, ?)",804D8D57,,7DE8F8C1,7E90F00A,7DE8F8C1,2.0,1.0,1.0,100,100,0.23051,0.24791
KG20C,init_dep_with_lift,1,author_write_paper,作者撰写论文,many-to-many,tail,"(815025AA, author_write_paper, ?)",815025AA,,7EBC514E,7B20680E,7EBC514E,2.0,1.0,1.0,100,100,0.23051,0.24791
KG20C,init_dep_with_lift,1,author_write_paper,作者撰写论文,many-to-many,tail,"(85B335E6, author_write_paper, ?)",85B335E6,,8041BB5A,81279845,8041BB5A,2.0,1.0,1.0,100,100,0.23051,0.24791
KG20C,init_dep_with_lift,1,author_write_paper,作者撰写论文,many-to-many,head,"(?, author_write_paper, 5C1E0ABD)",,5C1E0ABD,7AD55B4F,023F769E,7AD55B4F,2.0,1.0,1.0,100,100,0.23051,0.24791
KG20C,init_dep_with_lift,1,author_write_paper,作者撰写论文,many-to-many,head,"(?, author_write_paper, 60851C99)",,60851C99,6C239C48,8032D24C,6C239C48,2.0,1.0,1.0,100,100,0.23051,0.24791
KG20C,init_dep_with_lift,1,author_write_paper,作者撰写论文,many-to-many,head,"(?, author_write_paper, 7D376FD4)",,7D376FD4,012133D7,0FFC7898,012133D7,2.0,1.0,1.0,100,100,0.23051,0.24791
KG20C,init_dep_with_lift,1,author_write_paper,作者撰写论文,many-to-many,head,"(?, author_write_paper, 7DA395C1)",,7DA395C1,7BBC933B,09ADC0BB,7BBC933B,2.0,1.0,1.0,100,100,0.23051,0.24791
KG20C,init_dep_with_lift,1,author_write_paper,作者撰写论文,many-to-many,head,"(?, author_write_paper, 7E42F9C8)",,7E42F9C8,816FC463,812FF69E,816FC463,2.0,1.0,1.0,100,100,0.23051,0.24791
KG20C,init_dep_with_lift,1,author_write_paper,作者撰写论文,many-to-many,head,"(?, author_write_paper, 7FCAC47C)",,7FCAC47C,75D12588,0A716934,75D12588,2.0,1.0,1.0,100,100,0.23051,0.24791
KG20C,init_dep_with_lift,1,author_write_paper,作者撰写论文,many-to-many,head,"(?, author_write_paper, 80125F9F)",,80125F9F,80DAD05B,8098E2A6,80DAD05B,2.0,1.0,1.0,100,100,0.23051,0.24791
KG20C,init_dep_with_lift,1,author_write_paper,作者撰写论文,many-to-many,head,"(?, author_write_paper, 8041BB5A)",,8041BB5A,85B335E6,7DEEEE63,85B335E6,2.0,1.0,1.0,100,100,0.23051,0.24791
KG20C,init_dep_with_lift,1,author_write_paper,作者撰写论文,many-to-many,head,"(?, author_write_paper, 805270FD)",,805270FD,809F6DBC,7F064339,809F6DBC,2.0,1.0,1.0,100,100,0.23051,0.24791
KG20C,init_dep_with_lift,1,author_write_paper,作者撰写论文,many-to-many,head,"(?, author_write_paper, 80D43CF8)",,80D43CF8,8026929D,276D256C,8026929D,2.0,1.0,1.0,100,100,0.23051,0.24791
KG20C,init_dep_with_lift,1,author_write_paper,作者撰写论文,many-to-many,head,"(?, author_write_paper, 81195CA4)",,81195CA4,7E4DA2B1,7EE1FB1B,7E4DA2B1,2.0,1.0,1.0,100,100,0.23051,0.24791
WN18RR,structural_rd,6,_has_part,具有组成部分,one-to-many,tail,"(09195615, _has_part, ?)",09195615,,09372504,08732116,09372504,9.0,1.0,8.0,100,100,0.20516,0.21926
WN18RR,structural_rd,6,_has_part,具有组成部分,one-to-many,tail,"(03158885, _has_part, ?)",03158885,,03474896,03485997,03474896,5.0,1.0,4.0,100,100,0.20516,0.21926
WN18RR,structural_rd,6,_has_part,具有组成部分,one-to-many,tail,"(00832626, _has_part, ?)",00832626,,00659349,00831191,00659349,3.0,1.0,2.0,100,100,0.20516,0.21926
WN18RR,structural_rd,6,_has_part,具有组成部分,one-to-many,head,"(?, _has_part, 08926543)",,08926543,08920924,08853741,08920924,3.0,1.0,2.0,100,100,0.20516,0.21926
WN18RR,structural_rd,6,_has_part,具有组成部分,one-to-many,head,"(?, _has_part, 09103943)",,09103943,09051235,09372504,09051235,3.0,1.0,2.0,100,100,0.20516,0.21926
WN18RR,structural_rd,6,_has_part,具有组成部分,one-to-many,head,"(?, _has_part, 08769439)",,08769439,08766988,08853741,08766988,2.0,1.0,1.0,100,100,0.20516,0.21926
WN18RR,structural_rd,6,_has_part,具有组成部分,one-to-many,head,"(?, _has_part, 08772137)",,08772137,08766988,08853741,08766988,2.0,1.0,1.0,100,100,0.20516,0.21926
WN18RR,structural_rd,6,_has_part,具有组成部分,one-to-many,head,"(?, _has_part, 08772307)",,08772307,08766988,08853741,08766988,2.0,1.0,1.0,100,100,0.20516,0.21926
WN18RR,structural_rd,6,_has_part,具有组成部分,one-to-many,head,"(?, _has_part, 08772667)",,08772667,08766988,08853741,08766988,2.0,1.0,1.0,100,100,0.20516,0.21926
WN18RR,structural_rd,4,_member_meronym,成员-整体关系,one-to-many,head,"(?, _member_meronym, 12641007)",,12641007,12637729,12650556,12637729,14.0,1.0,13.0,100,100,0.31793,0.32862
WN18RR,structural_rd,4,_member_meronym,成员-整体关系,one-to-many,tail,"(02225959, _member_meronym, ?)",02225959,,02227773,01762525,02227773,2.0,1.0,1.0,100,100,0.31793,0.32862
WN18RR,structural_rd,4,_member_meronym,成员-整体关系,one-to-many,head,"(?, _member_meronym, 01440344)",,01440344,01438720,02565728,01438720,2.0,1.0,1.0,100,100,0.31793,0.32862
WN18RR,structural_rd,4,_member_meronym,成员-整体关系,one-to-many,head,"(?, _member_meronym, 01816635)",,01816635,01502262,01471070,01502262,2.0,1.0,1.0,100,100,0.31793,0.32862
WN18RR,structural_rd,4,_member_meronym,成员-整体关系,one-to-many,head,"(?, _member_meronym, 01876843)",,01876843,01874126,01471070,01874126,2.0,1.0,1.0,100,100,0.31793,0.32862
WN18RR,structural_rd,4,_member_meronym,成员-整体关系,one-to-many,head,"(?, _member_meronym, 01955463)",,01955463,01940488,01313093,01940488,2.0,1.0,1.0,100,100,0.31793,0.32862
WN18RR,structural_rd,4,_member_meronym,成员-整体关系,one-to-many,head,"(?, _member_meronym, 02140970)",,02140970,02138921,01471070,02138921,2.0,1.0,1.0,100,100,0.31793,0.32862
WN18RR,structural_rd,4,_member_meronym,成员-整体关系,one-to-many,head,"(?, _member_meronym, 02227773)",,02227773,02225959,01313093,02225959,2.0,1.0,1.0,100,100,0.31793,0.32862
WN18RR,structural_rd,4,_member_meronym,成员-整体关系,one-to-many,head,"(?, _member_meronym, 11536778)",,11536778,11529603,12994979,11529603,2.0,1.0,1.0,100,100,0.31793,0.32862
WN18RR,structural_rd,4,_member_meronym,成员-整体关系,one-to-many,head,"(?, _member_meronym, 11850748)",,11850748,11841529,11804604,11841529,2.0,1.0,1.0,100,100,0.31793,0.32862
YAGO3-10,structural_dep_scale,3,diedIn,逝世于,many-to-one,tail,"(William_V._Roth,_Jr., diedIn, ?)","William_V._Roth,_Jr.",,"Washington,_D.C.","Wilmington,_Delaware","Washington,_D.C.",4.0,1.0,3.0,100,100,0.18,0.20078
YAGO3-10,structural_dep_scale,3,diedIn,逝世于,many-to-one,tail,"(Alastair_Sim, diedIn, ?)",Alastair_Sim,,London,Los_Angeles,London,2.0,1.0,1.0,100,100,0.18,0.20078
YAGO3-10,structural_dep_scale,12,participatedIn,参与于,many-to-many,tail,"(Belgium, participatedIn, ?)",Belgium,,Battle_of_France,Operation_Enduring_Freedom,Battle_of_France,4.0,1.0,3.0,100,100,0.33396,0.36673
YAGO3-10,structural_dep_scale,12,participatedIn,参与于,many-to-many,tail,"(Republic_of_Genoa, participatedIn, ?)",Republic_of_Genoa,,Battle_of_Crécy,Fourth_Crusade,Battle_of_Crécy,3.0,1.0,2.0,100,100,0.33396,0.36673
YAGO3-10,structural_dep_scale,0,isLocatedIn,位于,many-to-many,head,"(?, isLocatedIn, Transylvania)",,Transylvania,Ținutul_Crișuri,Arad_(Romania),Ținutul_Crișuri,13.0,1.0,12.0,100,100,0.38799,0.40666
YAGO3-10,structural_dep_scale,0,isLocatedIn,位于,many-to-many,tail,"(Alghero, isLocatedIn, ?)",Alghero,,Sardinia,Emilia-Romagna,Sardinia,7.0,1.0,6.0,100,100,0.38799,0.40666
YAGO3-10,structural_dep_scale,0,isLocatedIn,位于,many-to-many,tail,"(Edmonton_Eskimos, isLocatedIn, ?)",Edmonton_Eskimos,,Edmonton,Ontario,Edmonton,6.0,1.0,5.0,100,100,0.38799,0.40666
YAGO3-10,structural_dep_scale,0,isLocatedIn,位于,many-to-many,tail,"(Jasper_County,_Missouri, isLocatedIn, ?)","Jasper_County,_Missouri",,Missouri,"Joplin,_Missouri",Missouri,4.0,1.0,3.0,100,100,0.38799,0.40666
YAGO3-10,structural_dep_scale,0,isLocatedIn,位于,many-to-many,tail,"(Bełchatów_County, isLocatedIn, ?)",Bełchatów_County,,Łódź_Voivodeship,Gmina_Bełchatów,Łódź_Voivodeship,3.0,1.0,2.0,100,100,0.38799,0.40666
YAGO3-10,structural_dep_scale,0,isLocatedIn,位于,many-to-many,tail,"(Hørsholm_Municipality, isLocatedIn, ?)",Hørsholm_Municipality,,Capital_Region_of_Denmark,Hørsholm,Capital_Region_of_Denmark,3.0,1.0,2.0,100,100,0.38799,0.40666
YAGO3-10,structural_dep_scale,0,isLocatedIn,位于,many-to-many,tail,"(Old_Shatterhand_(film), isLocatedIn, ?)",Old_Shatterhand_(film),,France,United_Kingdom,France,3.0,1.0,2.0,100,100,0.38799,0.40666
YAGO3-10,structural_dep_scale,0,isLocatedIn,位于,many-to-many,tail,"(Ruston,_Louisiana, isLocatedIn, ?)","Ruston,_Louisiana",,Louisiana,Louisiana_Tech_University,Louisiana,3.0,1.0,2.0,100,100,0.38799,0.40666
YAGO3-10,structural_dep_scale,0,isLocatedIn,位于,many-to-many,tail,"(Ținutul_Crișuri, isLocatedIn, ?)",Ținutul_Crișuri,,Transylvania,Romania,Transylvania,3.0,1.0,2.0,100,100,0.38799,0.40666
YAGO3-10,structural_dep_scale,0,isLocatedIn,位于,many-to-many,head,"(?, isLocatedIn, South_Governorate)",,South_Governorate,Tyre,Lebanon,Tyre,2.0,1.0,1.0,100,100,0.38799,0.40666
YAGO3-10,structural_dep_scale,0,isLocatedIn,位于,many-to-many,head,"(?, isLocatedIn, Södermanland)",,Södermanland,Strängnäs_Municipality,Närke,Strängnäs_Municipality,2.0,1.0,1.0,100,100,0.38799,0.40666
YAGO3-10,structural_dep_scale,0,isLocatedIn,位于,many-to-many,tail,"(Deep_End_(film), isLocatedIn, ?)",Deep_End_(film),,United_Kingdom,United_States,United_Kingdom,2.0,1.0,1.0,100,100,0.38799,0.40666
YAGO3-10,structural_dep_scale,0,isLocatedIn,位于,many-to-many,tail,"(Haveri_district, isLocatedIn, ?)",Haveri_district,,Karnataka,Haveri,Karnataka,2.0,1.0,1.0,100,100,0.38799,0.40666
YAGO3-10,structural_dep_scale,0,isLocatedIn,位于,many-to-many,tail,"(Morgan_County,_Tennessee, isLocatedIn, ?)","Morgan_County,_Tennessee",,Tennessee,"Harriman,_Tennessee",Tennessee,2.0,1.0,1.0,100,100,0.38799,0.40666
YAGO3-10,structural_dep_scale,0,isLocatedIn,位于,many-to-many,tail,"(Plzeň-South_District, isLocatedIn, ?)",Plzeň-South_District,,Pilsen,Ústí_nad_Labem_Region,Pilsen,2.0,1.0,1.0,100,100,0.38799,0.40666
YAGO3-10,structural_dep_scale,0,isLocatedIn,位于,many-to-many,tail,"(Queenstown-Lakes_District, isLocatedIn, ?)",Queenstown-Lakes_District,,Otago,"Queenstown,_New_Zealand",Otago,2.0,1.0,1.0,100,100,0.38799,0.40666
YAGO3-10,structural_dep_scale,0,isLocatedIn,位于,many-to-many,tail,"(Turbo,_Colombia, isLocatedIn, ?)","Turbo,_Colombia",,Colombia,United_States,Colombia,2.0,1.0,1.0,100,100,0.38799,0.40666
YAGO3-10,structural_dep_scale,0,isLocatedIn,位于,many-to-many,tail,"(Whitman_College, isLocatedIn, ?)",Whitman_College,,Washington_(state),Seattle,Washington_(state),2.0,1.0,1.0,100,100,0.38799,0.40666
codex-l,structural_dep_scale,43,P749,上级组织/母组织,many-to-one,head,"(?, P749, Q51747)",,Q51747,Q664721,Q664721,Q664721,1.5,1.0,0.5,100,100,0.27503,0.29319
codex-l,structural_dep_scale,43,P749,上级组织/母组织,many-to-one,tail,"(Q664721, P749, ?)",Q664721,,Q51747,Q51747,Q51747,1.5,1.0,0.5,100,100,0.27503,0.29319
codex-l,structural_dep_scale,17,P161,演员/出演成员,many-to-many,head,"(?, P161, Q109232)",,Q109232,Q104123,Q39970,Q104123,2.5,1.0,1.5,100,100,0.08128,0.08433
codex-l,structural_dep_scale,17,P161,演员/出演成员,many-to-many,head,"(?, P161, Q400825)",,Q400825,Q1988877,Q244999,Q1988877,2.0,1.0,1.0,67,67,0.08128,0.08433
codex-l,structural_dep_scale,17,P161,演员/出演成员,many-to-many,head,"(?, P161, Q51562)",,Q51562,Q151596,Q256416,Q151596,2.0,1.0,1.0,100,100,0.08128,0.08433
codex-l,structural_dep_scale,17,P161,演员/出演成员,many-to-many,head,"(?, P161, Q7374)",,Q7374,Q204212,Q204212,Q204212,2.0,1.0,1.0,100,100,0.08128,0.08433
codex-l,structural_dep_scale,17,P161,演员/出演成员,many-to-many,tail,"(Q189600, P161, ?)",Q189600,,Q574190,Q704314,Q574190,2.0,1.0,1.0,100,100,0.08128,0.08433
codex-l,structural_dep_scale,17,P161,演员/出演成员,many-to-many,tail,"(Q1352415, P161, ?)",Q1352415,,Q237594,Q237594,Q237594,1.5,1.0,0.5,100,100,0.08128,0.08433
codex-l,structural_dep_scale,17,P161,演员/出演成员,many-to-many,tail,"(Q207536, P161, ?)",Q207536,,Q193048,Q115932,Q193048,1.5,1.0,0.5,100,100,0.08128,0.08433
hetionet,best_combination,14,DrD,疾病与疾病相似,many-to-many,tail,"(Disease::DOID:11615, DrD, ?)",Disease::DOID:11615,,Disease::DOID:11054,Disease::DOID:4045,Disease::DOID:11054,5.0,1.0,4.0,100,100,0.26286,0.30949
hetionet,best_combination,14,DrD,疾病与疾病相似,many-to-many,head,"(?, DrD, Disease::DOID:1245)",,Disease::DOID:1245,Disease::DOID:1964,Disease::DOID:11239,Disease::DOID:1964,3.0,1.0,2.0,100,100,0.26286,0.30949
hetionet,best_combination,14,DrD,疾病与疾病相似,many-to-many,tail,"(Disease::DOID:2174, DrD, ?)",Disease::DOID:2174,,Disease::DOID:4159,Disease::DOID:119,Disease::DOID:4159,3.0,1.0,2.0,100,100,0.26286,0.30949
hetionet,best_combination,13,DpS,疾病表现出症状,many-to-many,head,"(?, DpS, Symptom::D014550)",,Symptom::D014550,Disease::DOID:4362,Disease::DOID:1993,Disease::DOID:4362,3.0,1.0,2.0,100,100,0.23266,0.24077
FB15k-237,best_combination,152,/military/military_combatant/military_conflicts./military/military_combatant_group/combatants,军事战斗方参与的军事冲突中的作战方/参战者,many-to-many,head,"(?, /military/military_combatant/military_conflicts./military/military_combatant_group/combatants, /m/06bnz)",,/m/06bnz,/m/0f8l9c,/m/015qh,/m/0f8l9c,3.0,1.0,2.0,100,100,0.25477,0.32488
FB15k-237,best_combination,90,/film/film/distributors./film/film_film_distributor_relationship/film_distribution_medium,电影发行对应的发行介质,many-to-one,tail,"(/m/033qdy, /film/film/distributors./film/film_film_distributor_relationship/film_distribution_medium, ?)",/m/033qdy,,/m/02nxhr,/m/0735l,/m/02nxhr,2.0,1.0,1.0,4,4,0.54608,0.61232
FB15k-237,best_combination,90,/film/film/distributors./film/film_film_distributor_relationship/film_distribution_medium,电影发行对应的发行介质,many-to-one,tail,"(/m/0bt4g, /film/film/distributors./film/film_film_distributor_relationship/film_distribution_medium, ?)",/m/0bt4g,,/m/02nxhr,/m/0735l,/m/02nxhr,2.0,1.0,1.0,4,4,0.54608,0.61232
FB15k-237,best_combination,70,/language/human_language/countries_spoken_in,该语言使用/通行的国家,many-to-many,tail,"(/m/0swlx, /language/human_language/countries_spoken_in, ?)",/m/0swlx,,/m/05sb1,/m/03rk0,/m/05sb1,2.0,1.0,1.0,100,100,0.33496,0.35911
FB15k-237,best_combination,70,/language/human_language/countries_spoken_in,该语言使用/通行的国家,many-to-many,head,"(?, /language/human_language/countries_spoken_in, /m/0d05q4)",,/m/0d05q4,/m/032f6,/m/02h40lc,/m/032f6,2.0,1.0,1.0,100,100,0.33496,0.35911
FB15k-237,best_combination,58,/location/location/adjoin_s./location/adjoining_relationship/adjoins,地点相邻的地点,many-to-many,tail,"(/m/01x73, /location/location/adjoin_s./location/adjoining_relationship/adjoins, ?)",/m/01x73,,/m/05k7sb,/m/0694j,/m/05k7sb,8.0,1.0,7.0,100,100,0.40048,0.42897
FB15k-237,best_combination,58,/location/location/adjoin_s./location/adjoining_relationship/adjoins,地点相邻的地点,many-to-many,tail,"(/m/07f5x, /location/location/adjoin_s./location/adjoining_relationship/adjoins, ?)",/m/07f5x,,/m/01699,/m/0164v,/m/01699,4.0,1.0,3.0,100,100,0.40048,0.42897
FB15k-237,best_combination,58,/location/location/adjoin_s./location/adjoining_relationship/adjoins,地点相邻的地点,many-to-many,tail,"(/m/0kq2g, /location/location/adjoin_s./location/adjoining_relationship/adjoins, ?)",/m/0kq2g,,/m/0l2nd,/m/0l2sr,/m/0l2nd,3.0,1.0,2.0,100,100,0.40048,0.42897
FB15k-237,best_combination,58,/location/location/adjoin_s./location/adjoining_relationship/adjoins,地点相邻的地点,many-to-many,tail,"(/m/0l2nd, /location/location/adjoin_s./location/adjoining_relationship/adjoins, ?)",/m/0l2nd,,/m/0kq2g,/m/0l2sr,/m/0kq2g,3.0,1.0,2.0,100,100,0.40048,0.42897
FB15k-237,best_combination,58,/location/location/adjoin_s./location/adjoining_relationship/adjoins,地点相邻的地点,many-to-many,tail,"(/m/0vmt, /location/location/adjoin_s./location/adjoining_relationship/adjoins, ?)",/m/0vmt,,/m/01n7q,/m/0846v,/m/01n7q,3.0,1.0,2.0,100,100,0.40048,0.42897
FB15k-237,best_combination,58,/location/location/adjoin_s./location/adjoining_relationship/adjoins,地点相邻的地点,many-to-many,tail,"(/m/0n5_t, /location/location/adjoin_s./location/adjoining_relationship/adjoins, ?)",/m/0n5_t,,/m/0nm3n,/m/0n5y4,/m/0nm3n,2.0,1.0,1.0,100,100,0.40048,0.42897
FB15k-237,best_combination,158,/tv/tv_network/programs./tv/tv_network_duration/program,电视网络播出的节目,one-to-many,head,"(?, /tv/tv_network/programs./tv/tv_network_duration/program, /m/03y3bp7)",,/m/03y3bp7,/m/0cjdk,/m/05gnf,/m/0cjdk,2.0,1.0,1.0,100,100,0.18587,0.19856
FB15k-237,best_combination,158,/tv/tv_network/programs./tv/tv_network_duration/program,电视网络播出的节目,one-to-many,head,"(?, /tv/tv_network/programs./tv/tv_network_duration/program, /m/0vhm)",,/m/0vhm,/m/0cjdk,/m/09d5h,/m/0cjdk,2.0,1.0,1.0,100,100,0.18587,0.19856
FB15k-237,best_combination,30,/award/award_winning_work/awards_won./award/award_honor/award,获奖作品所获得的奖项,many-to-many,head,"(?, /award/award_winning_work/awards_won./award/award_honor/award, /m/0789r6)",,/m/0789r6,/m/03rz2b,/m/041td_,/m/03rz2b,12.0,1.0,11.0,100,100,0.19642,0.20912
FB15k-237,best_combination,30,/award/award_winning_work/awards_won./award/award_honor/award,获奖作品所获得的奖项,many-to-many,tail,"(/m/0f4yh, /award/award_winning_work/awards_won./award/award_honor/award, ?)",/m/0f4yh,,/m/02g3ft,/m/0gq9h,/m/02g3ft,8.0,1.0,7.0,100,100,0.19642,0.20912
FB15k-237,best_combination,30,/award/award_winning_work/awards_won./award/award_honor/award,获奖作品所获得的奖项,many-to-many,head,"(?, /award/award_winning_work/awards_won./award/award_honor/award, /m/09sb52)",,/m/09sb52,/m/04b2qn,/m/09gq0x5,/m/04b2qn,8.0,1.0,7.0,100,100,0.19642,0.20912
FB15k-237,best_combination,30,/award/award_winning_work/awards_won./award/award_honor/award,获奖作品所获得的奖项,many-to-many,tail,"(/m/0hmm7, /award/award_winning_work/awards_won./award/award_honor/award, ?)",/m/0hmm7,,/m/027c924,/m/0gq9h,/m/027c924,7.0,1.0,6.0,100,100,0.19642,0.20912
FB15k-237,best_combination,30,/award/award_winning_work/awards_won./award/award_honor/award,获奖作品所获得的奖项,many-to-many,tail,"(/m/0hmr4, /award/award_winning_work/awards_won./award/award_honor/award, ?)",/m/0hmr4,,/m/09cn0c,/m/094qd5,/m/09cn0c,7.0,1.0,6.0,100,100,0.19642,0.20912
FB15k-237,best_combination,30,/award/award_winning_work/awards_won./award/award_honor/award,获奖作品所获得的奖项,many-to-many,head,"(?, /award/award_winning_work/awards_won./award/award_honor/award, /m/02y_rq5)",,/m/02y_rq5,/m/0_b9f,/m/02q6gfp,/m/0_b9f,7.0,1.0,6.0,100,100,0.19642,0.20912
FB15k-237,best_combination,30,/award/award_winning_work/awards_won./award/award_honor/award,获奖作品所获得的奖项,many-to-many,tail,"(/m/0dzz6g, /award/award_winning_work/awards_won./award/award_honor/award, ?)",/m/0dzz6g,,/m/09cn0c,/m/0gr4k,/m/09cn0c,6.0,1.0,5.0,100,100,0.19642,0.20912
FB15k-237,best_combination,30,/award/award_winning_work/awards_won./award/award_honor/award,获奖作品所获得的奖项,many-to-many,tail,"(/m/01n30p, /award/award_winning_work/awards_won./award/award_honor/award, ?)",/m/01n30p,,/m/02x8n1n,/m/0gr4k,/m/02x8n1n,5.5,1.0,4.5,100,100,0.19642,0.20912
FB15k-237,best_combination,30,/award/award_winning_work/awards_won./award/award_honor/award,获奖作品所获得的奖项,many-to-many,tail,"(/m/01qxc7, /award/award_winning_work/awards_won./award/award_honor/award, ?)",/m/01qxc7,,/m/0gqxm,/m/02r0csl,/m/0gqxm,4.0,1.0,3.0,100,100,0.19642,0.20912
FB15k-237,best_combination,30,/award/award_winning_work/awards_won./award/award_honor/award,获奖作品所获得的奖项,many-to-many,tail,"(/m/0h3k3f, /award/award_winning_work/awards_won./award/award_honor/award, ?)",/m/0h3k3f,,/m/02z1nbg,/m/0gs9p,/m/02z1nbg,4.0,1.0,3.0,100,100,0.19642,0.20912
FB15k-237,best_combination,30,/award/award_winning_work/awards_won./award/award_honor/award,获奖作品所获得的奖项,many-to-many,tail,"(/m/02v570, /award/award_winning_work/awards_won./award/award_honor/award, ?)",/m/02v570,,/m/02wkmx,/m/03c7tr1,/m/02wkmx,3.0,1.0,2.0,100,100,0.19642,0.20912
FB15k-237,best_combination,43,/people/person/gender,人物性别,many-to-one,tail,"(/m/01nms7, /people/person/gender, ?)",/m/01nms7,,/m/02zsn,/m/05zppz,/m/02zsn,2.0,1.0,1.0,2,2,0.53436,0.56825
FB15k-237,best_combination,130,/sports/sports_position/players./sports/sports_team_roster/team,某体育位置对应球员所在球队,many-to-many,head,"(?, /sports/sports_position/players./sports/sports_team_roster/team, /m/01d5z)",,/m/01d5z,/m/02lyr4,/m/02wszf,/m/02lyr4,2.0,1.0,1.0,48,48,0.37122,0.39189
FB15k-237,best_combination,157,/olympics/olympic_games/participating_countries,奥运会参赛国家,many-to-many,tail,"(/m/0c_tl, /olympics/olympic_games/participating_countries, ?)",/m/0c_tl,,/m/0d0vqn,/m/05b4w,/m/0d0vqn,3.0,1.0,2.0,100,100,0.42698,0.44992
FB15k-237,best_combination,116,/film/film/music,电影配乐/音乐,many-to-one,tail,"(/m/087wc7n, /film/film/music, ?)",/m/087wc7n,,/m/06fxnf,/m/02jxmr,/m/06fxnf,2.0,1.0,1.0,100,100,0.20497,0.21385
FB15k-237,best_combination,116,/film/film/music,电影配乐/音乐,many-to-one,tail,"(/m/0kvbl6, /film/film/music, ?)",/m/0kvbl6,,/m/02jxmr,/m/02jxkw,/m/02jxmr,2.0,1.0,1.0,100,100,0.20497,0.21385
FB15k-237,best_combination,116,/film/film/music,电影配乐/音乐,many-to-one,head,"(?, /film/film/music, /m/07j8kh)",,/m/07j8kh,/m/01hr1,/m/027x7z5,/m/01hr1,2.0,1.0,1.0,100,100,0.20497,0.21385
FB15k-237,best_combination,116,/film/film/music,电影配乐/音乐,many-to-one,head,"(?, /film/film/music, /m/07v4dm)",,/m/07v4dm,/m/06__m6,/m/0bmhvpr,/m/06__m6,2.0,1.0,1.0,100,100,0.20497,0.21385
FB15k-237,best_combination,84,/film/film/produced_by,电影制片方/制作公司,many-to-one,tail,"(/m/02gpkt, /film/film/produced_by, ?)",/m/02gpkt,,/m/03h40_7,/m/027z0pl,/m/03h40_7,2.0,1.0,1.0,100,100,0.38025,0.3956
FB15k-237,best_combination,84,/film/film/produced_by,电影制片方/制作公司,many-to-one,tail,"(/m/047fjjr, /film/film/produced_by, ?)",/m/047fjjr,,/m/06q8hf,/m/0dqmt0,/m/06q8hf,2.0,1.0,1.0,100,100,0.38025,0.3956
FB15k-237,best_combination,19,/award/award_nominee/award_nominations./award/award_nomination/award,被提名者所提名的奖项,many-to-many,tail,"(/m/02ld6x, /award/award_nominee/award_nominations./award/award_nomination/award, ?)",/m/02ld6x,,/m/03hl6lc,/m/0gq9h,/m/03hl6lc,4.0,1.0,3.0,100,100,0.20622,0.21444
FB15k-237,best_combination,19,/award/award_nominee/award_nominations./award/award_nomination/award,被提名者所提名的奖项,many-to-many,tail,"(/m/07ymr5, /award/award_nominee/award_nominations./award/award_nomination/award, ?)",/m/07ymr5,,/m/05p09zm,/m/047byns,/m/05p09zm,4.0,1.0,3.0,100,100,0.20622,0.21444
FB15k-237,best_combination,19,/award/award_nominee/award_nominations./award/award_nomination/award,被提名者所提名的奖项,many-to-many,tail,"(/m/01f2q5, /award/award_nominee/award_nominations./award/award_nomination/award, ?)",/m/01f2q5,,/m/01d38g,/m/03t5b6,/m/01d38g,3.0,1.0,2.0,100,100,0.20622,0.21444
FB15k-237,best_combination,19,/award/award_nominee/award_nominations./award/award_nomination/award,被提名者所提名的奖项,many-to-many,tail,"(/m/026spg, /award/award_nominee/award_nominations./award/award_nomination/award, ?)",/m/026spg,,/m/01cw7s,/m/02f6ym,/m/01cw7s,3.0,1.0,2.0,100,100,0.20622,0.21444
FB15k-237,best_combination,19,/award/award_nominee/award_nominations./award/award_nomination/award,被提名者所提名的奖项,many-to-many,tail,"(/m/06mm1x, /award/award_nominee/award_nominations./award/award_nomination/award, ?)",/m/06mm1x,,/m/0cjcbg,/m/03ccq3s,/m/0cjcbg,3.0,1.0,2.0,100,100,0.20622,0.21444
FB15k-237,best_combination,19,/award/award_nominee/award_nominations./award/award_nomination/award,被提名者所提名的奖项,many-to-many,tail,"(/m/09hd16, /award/award_nominee/award_nominations./award/award_nomination/award, ?)",/m/09hd16,,/m/02xcb6n,/m/0gkr9q,/m/02xcb6n,3.0,1.0,2.0,100,100,0.20622,0.21444
FB15k-237,best_combination,19,/award/award_nominee/award_nominations./award/award_nomination/award,被提名者所提名的奖项,many-to-many,tail,"(/m/01pk3z, /award/award_nominee/award_nominations./award/award_nomination/award, ?)",/m/01pk3z,,/m/05ztrmj,/m/05zr6wv,/m/05ztrmj,2.0,1.0,1.0,100,100,0.20622,0.21444
FB15k-237,best_combination,19,/award/award_nominee/award_nominations./award/award_nomination/award,被提名者所提名的奖项,many-to-many,tail,"(/m/01rnxn, /award/award_nominee/award_nominations./award/award_nomination/award, ?)",/m/01rnxn,,/m/0bp_b2,/m/027dtxw,/m/0bp_b2,2.0,1.0,1.0,100,100,0.20622,0.21444
FB15k-237,best_combination,19,/award/award_nominee/award_nominations./award/award_nomination/award,被提名者所提名的奖项,many-to-many,tail,"(/m/01w7nwm, /award/award_nominee/award_nominations./award/award_nomination/award, ?)",/m/01w7nwm,,/m/01c9dd,/m/02f75t,/m/01c9dd,2.0,1.0,1.0,100,100,0.20622,0.21444
FB15k-237,best_combination,19,/award/award_nominee/award_nominations./award/award_nomination/award,被提名者所提名的奖项,many-to-many,tail,"(/m/0237fw, /award/award_nominee/award_nominations./award/award_nomination/award, ?)",/m/0237fw,,/m/09qv_s,/m/09cm54,/m/09qv_s,2.0,1.0,1.0,100,100,0.20622,0.21444
FB15k-237,best_combination,19,/award/award_nominee/award_nominations./award/award_nomination/award,被提名者所提名的奖项,many-to-many,tail,"(/m/026g4l_, /award/award_nominee/award_nominations./award/award_nomination/award, ?)",/m/026g4l_,,/m/01l29r,/m/01lj_c,/m/01l29r,2.0,1.0,1.0,100,100,0.20622,0.21444
FB15k-237,best_combination,19,/award/award_nominee/award_nominations./award/award_nomination/award,被提名者所提名的奖项,many-to-many,tail,"(/m/02hfp_, /award/award_nominee/award_nominations./award/award_nomination/award, ?)",/m/02hfp_,,/m/03hkv_r,/m/0gr51,/m/03hkv_r,2.0,1.0,1.0,100,100,0.20622,0.21444
FB15k-237,best_combination,19,/award/award_nominee/award_nominations./award/award_nomination/award,被提名者所提名的奖项,many-to-many,tail,"(/m/03bdm4, /award/award_nominee/award_nominations./award/award_nomination/award, ?)",/m/03bdm4,,/m/0gqy2,/m/0gs9p,/m/0gqy2,2.0,1.0,1.0,100,100,0.20622,0.21444
FB15k-237,best_combination,19,/award/award_nominee/award_nominations./award/award_nomination/award,被提名者所提名的奖项,many-to-many,tail,"(/m/03h2d4, /award/award_nominee/award_nominations./award/award_nomination/award, ?)",/m/03h2d4,,/m/05ztrmj,/m/09sb52,/m/05ztrmj,2.0,1.0,1.0,100,100,0.20622,0.21444
FB15k-237,best_combination,19,/award/award_nominee/award_nominations./award/award_nomination/award,被提名者所提名的奖项,many-to-many,tail,"(/m/03m9c8, /award/award_nominee/award_nominations./award/award_nomination/award, ?)",/m/03m9c8,,/m/01l29r,/m/02qkk9_,/m/01l29r,2.0,1.0,1.0,100,100,0.20622,0.21444
FB15k-237,best_combination,19,/award/award_nominee/award_nominations./award/award_nomination/award,被提名者所提名的奖项,many-to-many,tail,"(/m/03ywyk, /award/award_nominee/award_nominations./award/award_nomination/award, ?)",/m/03ywyk,,/m/0cqhk0,/m/0cjyzs,/m/0cqhk0,2.0,1.0,1.0,100,100,0.20622,0.21444
FB15k-237,best_combination,19,/award/award_nominee/award_nominations./award/award_nomination/award,被提名者所提名的奖项,many-to-many,tail,"(/m/04m064, /award/award_nominee/award_nominations./award/award_nomination/award, ?)",/m/04m064,,/m/0cqh46,/m/0gqy2,/m/0cqh46,2.0,1.0,1.0,100,100,0.20622,0.21444
FB15k-237,best_combination,19,/award/award_nominee/award_nominations./award/award_nomination/award,被提名者所提名的奖项,many-to-many,tail,"(/m/06rq2l, /award/award_nominee/award_nominations./award/award_nomination/award, ?)",/m/06rq2l,,/m/07bdd_,/m/05p09zm,/m/07bdd_,2.0,1.0,1.0,100,100,0.20622,0.21444
FB15k-237,best_combination,19,/award/award_nominee/award_nominations./award/award_nomination/award,被提名者所提名的奖项,many-to-many,tail,"(/m/0b455l, /award/award_nominee/award_nominations./award/award_nomination/award, ?)",/m/0b455l,,/m/0gr51,/m/05b1610,/m/0gr51,2.0,1.0,1.0,100,100,0.20622,0.21444
FB15k-237,best_combination,19,/award/award_nominee/award_nominations./award/award_nomination/award,被提名者所提名的奖项,many-to-many,tail,"(/m/0c41qv, /award/award_nominee/award_nominations./award/award_nomination/award, ?)",/m/0c41qv,,/m/05p1dby,/m/07bdd_,/m/05p1dby,2.0,1.0,1.0,100,100,0.20622,0.21444
FB15k-237,best_combination,19,/award/award_nominee/award_nominations./award/award_nomination/award,被提名者所提名的奖项,many-to-many,tail,"(/m/0cwtm, /award/award_nominee/award_nominations./award/award_nomination/award, ?)",/m/0cwtm,,/m/02y_rq5,/m/02ppm4q,/m/02y_rq5,2.0,1.0,1.0,100,100,0.20622,0.21444
FB15k-237,best_combination,19,/award/award_nominee/award_nominations./award/award_nomination/award,被提名者所提名的奖项,many-to-many,tail,"(/m/0lkr7, /award/award_nominee/award_nominations./award/award_nomination/award, ?)",/m/0lkr7,,/m/0f4x7,/m/04kxsb,/m/0f4x7,2.0,1.0,1.0,100,100,0.20622,0.21444
FB15k-237,best_combination,103,/award/award_ceremony/awards_presented./award/award_honor/honored_for,颁奖典礼表彰的作品/事项,many-to-many,tail,"(/m/0bz6sb, /award/award_ceremony/awards_presented./award/award_honor/honored_for, ?)",/m/0bz6sb,,/m/01fx4k,/m/0jzw,/m/01fx4k,5.0,1.0,4.0,100,100,0.39314,0.40724
FB15k-237,best_combination,103,/award/award_ceremony/awards_presented./award/award_honor/honored_for,颁奖典礼表彰的作品/事项,many-to-many,head,"(?, /award/award_ceremony/awards_presented./award/award_honor/honored_for, /m/01chpn)",,/m/01chpn,/m/02hn5v,/m/050yyb,/m/02hn5v,4.0,1.0,3.0,100,100,0.39314,0.40724
FB15k-237,best_combination,103,/award/award_ceremony/awards_presented./award/award_honor/honored_for,颁奖典礼表彰的作品/事项,many-to-many,tail,"(/m/0fk0xk, /award/award_ceremony/awards_presented./award/award_honor/honored_for, ?)",/m/0fk0xk,,/m/0cwy47,/m/0bcndz,/m/0cwy47,3.0,1.0,2.0,100,100,0.39314,0.40724
FB15k-237,best_combination,103,/award/award_ceremony/awards_presented./award/award_honor/honored_for,颁奖典礼表彰的作品/事项,many-to-many,head,"(?, /award/award_ceremony/awards_presented./award/award_honor/honored_for, /m/015g28)",,/m/015g28,/m/0bxs_d,/m/09q_6t,/m/0bxs_d,3.0,1.0,2.0,100,100,0.39314,0.40724
FB15k-237,best_combination,103,/award/award_ceremony/awards_presented./award/award_honor/honored_for,颁奖典礼表彰的作品/事项,many-to-many,head,"(?, /award/award_ceremony/awards_presented./award/award_honor/honored_for, /m/0266s9)",,/m/0266s9,/m/07y_p6,/m/03nnm4t,/m/07y_p6,3.0,1.0,2.0,100,100,0.39314,0.40724
FB15k-237,best_combination,103,/award/award_ceremony/awards_presented./award/award_honor/honored_for,颁奖典礼表彰的作品/事项,many-to-many,tail,"(/m/0bzknt, /award/award_ceremony/awards_presented./award/award_honor/honored_for, ?)",/m/0bzknt,,/m/0pd64,/m/015ppk,/m/0pd64,2.0,1.0,1.0,100,100,0.39314,0.40724
FB15k-237,best_combination,103,/award/award_ceremony/awards_presented./award/award_honor/honored_for,颁奖典礼表彰的作品/事项,many-to-many,head,"(?, /award/award_ceremony/awards_presented./award/award_honor/honored_for, /m/03hmt9b)",,/m/03hmt9b,/m/04110lv,/m/09gkdln,/m/04110lv,2.0,1.0,1.0,100,100,0.39314,0.40724
FB15k-237,best_combination,103,/award/award_ceremony/awards_presented./award/award_honor/honored_for,颁奖典礼表彰的作品/事项,many-to-many,head,"(?, /award/award_ceremony/awards_presented./award/award_honor/honored_for, /m/06929s)",,/m/06929s,/m/0bq_mx,/m/02pgky2,/m/0bq_mx,2.0,1.0,1.0,100,100,0.39314,0.40724
FB15k-237,best_combination,103,/award/award_ceremony/awards_presented./award/award_honor/honored_for,颁奖典礼表彰的作品/事项,many-to-many,head,"(?, /award/award_ceremony/awards_presented./award/award_honor/honored_for, /m/07s846j)",,/m/07s846j,/m/0fqpc7d,/m/0hr6lkl,/m/0fqpc7d,2.0,1.0,1.0,100,100,0.39314,0.40724
FB15k-237,best_combination,103,/award/award_ceremony/awards_presented./award/award_honor/honored_for,颁奖典礼表彰的作品/事项,many-to-many,head,"(?, /award/award_ceremony/awards_presented./award/award_honor/honored_for, /m/0btpm6)",,/m/0btpm6,/m/04110lv,/m/0clfdj,/m/04110lv,2.0,1.0,1.0,100,100,0.39314,0.40724
FB15k-237,best_combination,103,/award/award_ceremony/awards_presented./award/award_honor/honored_for,颁奖典礼表彰的作品/事项,many-to-many,head,"(?, /award/award_ceremony/awards_presented./award/award_honor/honored_for, /m/0l76z)",,/m/0l76z,/m/09p30_,/m/0gvstc3,/m/09p30_,2.0,1.0,1.0,100,100,0.39314,0.40724
FB15k-237,best_combination,61,/education/educational_institution/colors,教育机构代表颜色,many-to-many,tail,"(/m/01qd_r, /education/educational_institution/colors, ?)",/m/01qd_r,,/m/01l849,/m/083jv,/m/01l849,2.0,1.0,1.0,19,19,0.22118,0.22834
FB15k-237,best_combination,61,/education/educational_institution/colors,教育机构代表颜色,many-to-many,tail,"(/m/07vhb, /education/educational_institution/colors, ?)",/m/07vhb,,/m/01l849,/m/083jv,/m/01l849,2.0,1.0,1.0,20,20,0.22118,0.22834
