dataset,coverage,n,mrr_stage1,mrr_stage2,gain_pt
FB15k-237,0.02,816,0.227731,0.262812,15.4046
FB15k-237,0.04,1633,0.247851,0.276073,11.3867
FB15k-237,0.06,2449,0.261699,0.283202,8.2167
FB15k-237,0.08,3266,0.276123,0.294552,6.6745
FB15k-237,0.1,4082,0.281271,0.299339,6.4238
FB15k-237,0.12,4898,0.284026,0.302248,6.4159
FB15k-237,0.14,5715,0.286093,0.302486,5.7297
FB15k-237,0.16,6531,0.291613,0.306494,5.1032
FB15k-237,0.18,7347,0.28761,0.302282,5.1014
FB15k-237,0.2,8164,0.28191,0.2953,4.7497
FB15k-237,0.22,8980,0.283868,0.297144,4.6769
FB15k-237,0.24,9797,0.287497,0.299782,4.2732
FB15k-237,0.26,10613,0.29017,0.301833,4.0194
FB15k-237,0.28,11429,0.29067,0.301573,3.7508
FB15k-237,0.3,12246,0.293437,0.303829,3.5415
FB15k-237,0.32,13062,0.297254,0.307559,3.4668
FB15k-237,0.34,13878,0.302908,0.312987,3.3274
FB15k-237,0.36,14695,0.302119,0.311419,3.078
FB15k-237,0.38,15511,0.307815,0.31569,2.5582
FB15k-237,0.4,16328,0.31712,0.324599,2.3586
FB15k-237,0.42,17144,0.324636,0.331627,2.1535
FB15k-237,0.44,17960,0.334407,0.341087,1.9978
FB15k-237,0.46,18777,0.337669,0.344141,1.9167
FB15k-237,0.48,19593,0.336628,0.342831,1.8426
FB15k-237,0.5,20410,0.34955,0.355505,1.7038
FB15k-237,0.52,21226,0.341575,0.347298,1.6752
FB15k-237,0.54,22042,0.339675,0.345184,1.622
FB15k-237,0.56,22859,0.335019,0.340484,1.6312
FB15k-237,0.58,23675,0.344327,0.349616,1.536
FB15k-237,0.6,24491,0.344324,0.349378,1.4678
FB15k-237,0.62,25308,0.344943,0.350567,1.6304
FB15k-237,0.64,26124,0.346343,0.351802,1.5761
FB15k-237,0.66,26941,0.347706,0.353,1.5224
FB15k-237,0.68,27757,0.356103,0.361239,1.4422
FB15k-237,0.7,28573,0.356152,0.361141,1.4008
FB15k-237,0.72,29390,0.352839,0.357689,1.3746
FB15k-237,0.74,30206,0.346595,0.351325,1.3645
FB15k-237,0.76,31022,0.349883,0.354491,1.3169
FB15k-237,0.78,31839,0.357943,0.362432,1.2542
FB15k-237,0.8,32655,0.353102,0.35748,1.2396
FB15k-237,0.82,33472,0.348202,0.352473,1.2265
FB15k-237,0.84,34288,0.354138,0.358225,1.154
FB15k-237,0.86,35104,0.357126,0.361118,1.1178
FB15k-237,0.88,35921,0.361033,0.364934,1.0805
FB15k-237,0.9,36737,0.358084,0.361899,1.0652
FB15k-237,0.92,37553,0.358599,0.362333,1.0413
FB15k-237,0.94,38370,0.365151,0.368808,1.0014
FB15k-237,0.96,39186,0.359437,0.363017,0.9961
FB15k-237,0.98,40003,0.353544,0.357051,0.992
FB15k-237,1.0,40819,0.352812,0.356053,0.9186
KG20C,0.02,149,0.135321,0.156437,15.6045
KG20C,0.04,298,0.138493,0.171592,23.8997
KG20C,0.06,447,0.147313,0.176801,20.0174
KG20C,0.08,596,0.14596,0.170638,16.9075
KG20C,0.1,745,0.155867,0.177643,13.9709
KG20C,0.12,894,0.155002,0.175954,13.5176
KG20C,0.14,1043,0.151484,0.171873,13.4598
KG20C,0.16,1192,0.149521,0.168623,12.7758
KG20C,0.18,1341,0.141489,0.159856,12.9811
KG20C,0.2,1490,0.1401,0.157207,12.2107
KG20C,0.22,1639,0.137827,0.15435,11.9881
KG20C,0.24,1788,0.136338,0.151113,10.8368
KG20C,0.26,1936,0.136987,0.150327,9.738
KG20C,0.28,2085,0.138921,0.151782,9.2578
KG20C,0.3,2234,0.141215,0.153314,8.5683
KG20C,0.32,2383,0.142233,0.153765,8.108
KG20C,0.34,2532,0.141456,0.153034,8.185
KG20C,0.36,2681,0.141716,0.153412,8.2533
KG20C,0.38,2830,0.145515,0.157563,8.2794
KG20C,0.4,2979,0.150474,0.162057,7.6979
KG20C,0.42,3128,0.151581,0.162836,7.4248
KG20C,0.44,3277,0.152428,0.16417,7.7031
KG20C,0.46,3426,0.153178,0.164912,7.6609
KG20C,0.48,3575,0.155451,0.167335,7.6446
KG20C,0.5,3724,0.155957,0.167457,7.3735
KG20C,0.52,3873,0.157156,0.169238,7.6877
KG20C,0.54,4022,0.158356,0.17033,7.5618
KG20C,0.56,4171,0.158213,0.170234,7.5978
KG20C,0.58,4320,0.159468,0.171792,7.728
KG20C,0.6,4469,0.162855,0.174726,7.2894
KG20C,0.62,4618,0.162846,0.174012,6.8566
KG20C,0.64,4767,0.160542,0.171358,6.7377
KG20C,0.66,4916,0.159822,0.170311,6.5629
KG20C,0.68,5065,0.172529,0.182709,5.9007
KG20C,0.7,5214,0.191031,0.20092,5.1769
KG20C,0.72,5363,0.196101,0.205908,5.001
KG20C,0.74,5512,0.193418,0.202945,4.9252
KG20C,0.76,5660,0.192005,0.201607,5.0006
KG20C,0.78,5809,0.190082,0.1996,5.0074
KG20C,0.8,5958,0.188826,0.198077,4.8989
KG20C,0.82,6107,0.188585,0.197837,4.9057
KG20C,0.84,6256,0.188071,0.197212,4.8601
KG20C,0.86,6405,0.190404,0.199541,4.7989
KG20C,0.88,6554,0.191763,0.200869,4.7484
KG20C,0.9,6703,0.194229,0.203202,4.6198
KG20C,0.92,6852,0.195036,0.203928,4.5588
KG20C,0.94,7001,0.201004,0.209667,4.3101
KG20C,0.96,7150,0.210484,0.218865,3.9815
KG20C,0.98,7299,0.219624,0.227733,3.6921
KG20C,1.0,7448,0.226381,0.233987,3.3598
WN18RR,0.02,121,0.495919,0.502799,1.3874
WN18RR,0.04,242,0.455402,0.463346,1.7444
WN18RR,0.06,363,0.419351,0.430959,2.7679
WN18RR,0.08,484,0.412794,0.424332,2.7951
WN18RR,0.1,606,0.437179,0.447639,2.3926
WN18RR,0.12,727,0.459854,0.469561,2.1108
WN18RR,0.14,848,0.467518,0.476101,1.8359
WN18RR,0.16,969,0.42884,0.437507,2.021
WN18RR,0.18,1090,0.416906,0.424751,1.8817
WN18RR,0.2,1211,0.403955,0.410507,1.6221
WN18RR,0.22,1332,0.382333,0.388489,1.6101
WN18RR,0.24,1453,0.362299,0.368216,1.6333
WN18RR,0.26,1574,0.372944,0.380146,1.9312
WN18RR,0.28,1695,0.415451,0.422484,1.6928
WN18RR,0.3,1817,0.451283,0.457843,1.4537
WN18RR,0.32,1938,0.48301,0.489161,1.2734
WN18RR,0.34,2059,0.511305,0.517094,1.1323
WN18RR,0.36,2180,0.537624,0.543092,1.0171
WN18RR,0.38,2301,0.559865,0.565046,0.9253
WN18RR,0.4,2422,0.580435,0.585356,0.8479
WN18RR,0.42,2543,0.596727,0.601415,0.7855
WN18RR,0.44,2664,0.612144,0.616619,0.731
WN18RR,0.46,2785,0.627238,0.631518,0.6824
WN18RR,0.48,2906,0.641293,0.645394,0.6396
WN18RR,0.5,3028,0.65398,0.657917,0.602
WN18RR,0.52,3149,0.66527,0.669056,0.569
WN18RR,0.54,3270,0.676163,0.679809,0.5391
WN18RR,0.56,3391,0.686333,0.689849,0.5122
WN18RR,0.58,3512,0.69625,0.699644,0.4875
WN18RR,0.6,3633,0.705199,0.70848,0.4653
WN18RR,0.62,3754,0.709964,0.713139,0.4473
WN18RR,0.64,3875,0.691537,0.694487,0.4266
WN18RR,0.66,3996,0.678689,0.681568,0.4242
WN18RR,0.68,4117,0.662119,0.664932,0.4248
WN18RR,0.7,4238,0.645229,0.647974,0.4255
WN18RR,0.72,4360,0.628954,0.631634,0.4261
WN18RR,0.74,4481,0.612606,0.615218,0.4263
WN18RR,0.76,4602,0.601565,0.604141,0.4282
WN18RR,0.78,4723,0.589609,0.592141,0.4295
WN18RR,0.8,4844,0.57646,0.578939,0.4301
WN18RR,0.82,4965,0.563959,0.566388,0.4307
WN18RR,0.84,5086,0.558656,0.561117,0.4406
WN18RR,0.86,5207,0.558195,0.560605,0.4317
WN18RR,0.88,5328,0.550656,0.553055,0.4358
WN18RR,0.9,5450,0.542988,0.545364,0.4376
WN18RR,0.92,5571,0.533385,0.535724,0.4385
WN18RR,0.94,5692,0.527885,0.530211,0.4408
WN18RR,0.96,5813,0.52474,0.527069,0.4439
WN18RR,0.98,5934,0.517715,0.52002,0.4453
WN18RR,1.0,6055,0.511202,0.513327,0.4157
YAGO3-10,0.02,200,0.186421,0.262285,40.6946
YAGO3-10,0.04,399,0.22343,0.286259,28.1204
YAGO3-10,0.06,598,0.258103,0.31974,23.8806
YAGO3-10,0.08,798,0.283763,0.338649,19.3423
YAGO3-10,0.1,998,0.334671,0.396994,18.6222
YAGO3-10,0.12,1197,0.350968,0.410442,16.9457
YAGO3-10,0.14,1396,0.385081,0.440586,14.4138
YAGO3-10,0.16,1596,0.432319,0.486275,12.4806
YAGO3-10,0.18,1796,0.457378,0.50936,11.3652
YAGO3-10,0.2,1995,0.474876,0.530312,11.6738
YAGO3-10,0.22,2194,0.493947,0.544222,10.1783
YAGO3-10,0.24,2394,0.501471,0.551543,9.9851
YAGO3-10,0.26,2594,0.514506,0.5642,9.6586
YAGO3-10,0.28,2793,0.520119,0.570358,9.659
YAGO3-10,0.3,2993,0.528419,0.575529,8.9152
YAGO3-10,0.32,3192,0.539218,0.583111,8.1403
YAGO3-10,0.34,3392,0.544812,0.587619,7.857
YAGO3-10,0.36,3591,0.549524,0.592702,7.8573
YAGO3-10,0.38,3790,0.555114,0.597455,7.6274
YAGO3-10,0.4,3990,0.562509,0.60348,7.2836
YAGO3-10,0.42,4190,0.567672,0.607654,7.0433
YAGO3-10,0.44,4389,0.571502,0.609897,6.7183
YAGO3-10,0.46,4588,0.577583,0.614635,6.415
YAGO3-10,0.48,4788,0.583237,0.61918,6.1627
YAGO3-10,0.5,4988,0.590426,0.625815,5.9938
YAGO3-10,0.52,5187,0.593702,0.62808,5.7904
YAGO3-10,0.54,5386,0.599834,0.633394,5.5948
YAGO3-10,0.56,5586,0.600641,0.633088,5.4021
YAGO3-10,0.58,5786,0.608678,0.640364,5.2057
YAGO3-10,0.6,5985,0.615453,0.645898,4.9468
YAGO3-10,0.62,6184,0.616402,0.645915,4.788
YAGO3-10,0.64,6384,0.622255,0.651218,4.6544
YAGO3-10,0.66,6584,0.626057,0.65422,4.4984
YAGO3-10,0.68,6783,0.625295,0.653675,4.5386
YAGO3-10,0.7,6983,0.625701,0.653086,4.3767
YAGO3-10,0.72,7182,0.625654,0.652327,4.2633
YAGO3-10,0.74,7382,0.627482,0.653375,4.1265
YAGO3-10,0.76,7581,0.625095,0.65018,4.013
YAGO3-10,0.78,7780,0.619381,0.643889,3.9569
YAGO3-10,0.8,7980,0.615079,0.638413,3.7937
YAGO3-10,0.82,8180,0.610458,0.632653,3.6358
YAGO3-10,0.84,8379,0.604126,0.625794,3.5866
YAGO3-10,0.86,8578,0.598656,0.619869,3.5433
YAGO3-10,0.88,8778,0.585961,0.606699,3.5391
YAGO3-10,0.9,8978,0.585741,0.606017,3.4616
YAGO3-10,0.92,9177,0.59055,0.610441,3.3682
YAGO3-10,0.94,9376,0.582289,0.601953,3.377
YAGO3-10,0.96,9576,0.573876,0.593129,3.3549
YAGO3-10,0.98,9776,0.564291,0.583227,3.3557
YAGO3-10,1.0,9975,0.561672,0.580226,3.3033
codex-l,0.02,1223,0.327323,0.357793,9.3088
codex-l,0.04,2445,0.326404,0.355052,8.777
codex-l,0.06,3668,0.323531,0.349455,8.0129
codex-l,0.08,4890,0.311804,0.334699,7.3428
codex-l,0.1,6113,0.307332,0.326719,6.3081
codex-l,0.12,7335,0.30073,0.317812,5.6802
codex-l,0.14,8558,0.319777,0.336549,5.2448
codex-l,0.16,9781,0.32604,0.341152,4.6349
codex-l,0.18,11003,0.336849,0.350727,4.1198
codex-l,0.2,12226,0.351036,0.364314,3.7824
codex-l,0.22,13448,0.337916,0.350176,3.6279
codex-l,0.24,14671,0.32537,0.336774,3.5047
codex-l,0.26,15894,0.32286,0.333637,3.3379
codex-l,0.28,17116,0.339701,0.350306,3.1218
codex-l,0.3,18339,0.341258,0.351149,2.8982
codex-l,0.32,19561,0.34277,0.352197,2.7503
codex-l,0.34,20784,0.329919,0.338686,2.6573
codex-l,0.36,22006,0.323831,0.33221,2.5875
codex-l,0.38,23229,0.330661,0.338834,2.4717
codex-l,0.4,24452,0.324106,0.331941,2.4175
codex-l,0.42,25674,0.329632,0.337216,2.3006
codex-l,0.44,26897,0.338128,0.345438,2.1618
codex-l,0.46,28119,0.349162,0.356166,2.006
codex-l,0.48,29342,0.353399,0.360104,1.8973
codex-l,0.5,30564,0.350788,0.357131,1.8081
codex-l,0.52,31787,0.345682,0.351747,1.7547
codex-l,0.54,33010,0.348522,0.354493,1.7134
codex-l,0.56,34232,0.347798,0.353643,1.6807
codex-l,0.58,35455,0.353321,0.359694,1.8037
codex-l,0.6,36677,0.347455,0.353689,1.7941
codex-l,0.62,37900,0.341841,0.347935,1.7828
codex-l,0.64,39123,0.333698,0.339602,1.7692
codex-l,0.66,40345,0.331441,0.33724,1.7498
codex-l,0.68,41568,0.334404,0.340149,1.718
codex-l,0.7,42790,0.33474,0.34028,1.655
codex-l,0.72,44013,0.331114,0.336596,1.6556
codex-l,0.74,45235,0.329237,0.334727,1.6677
codex-l,0.76,46458,0.328435,0.333851,1.6492
codex-l,0.78,47681,0.323712,0.329003,1.6345
codex-l,0.8,48903,0.322892,0.328123,1.6201
codex-l,0.82,50126,0.31592,0.321048,1.6233
codex-l,0.84,51348,0.311991,0.31703,1.615
codex-l,0.86,52571,0.312245,0.31722,1.5934
codex-l,0.88,53794,0.316275,0.321146,1.5401
codex-l,0.9,55016,0.310877,0.315865,1.6046
codex-l,0.92,56239,0.305865,0.310795,1.6116
codex-l,0.94,57461,0.309059,0.314325,1.7037
codex-l,0.96,58684,0.320323,0.325554,1.6331
codex-l,0.98,59906,0.331261,0.33648,1.5755
codex-l,1.0,61129,0.329902,0.334843,1.4977
codex-m,0.02,412,0.252662,0.252608,-0.0214
codex-m,0.04,824,0.256638,0.259062,0.9445
codex-m,0.06,1236,0.309219,0.310379,0.3748
codex-m,0.08,1648,0.311707,0.315245,1.1351
codex-m,0.1,2059,0.30632,0.310801,1.4628
codex-m,0.12,2471,0.313196,0.31762,1.4124
codex-m,0.14,2883,0.327345,0.33198,1.4158
codex-m,0.16,3295,0.334875,0.339536,1.3917
codex-m,0.18,3707,0.343804,0.348092,1.2473
codex-m,0.2,4119,0.359326,0.363457,1.1496
codex-m,0.22,4531,0.364436,0.368381,1.0824
codex-m,0.24,4943,0.351069,0.354662,1.0237
codex-m,0.26,5354,0.355803,0.35911,0.9296
codex-m,0.28,5766,0.354601,0.357529,0.8257
codex-m,0.3,6178,0.349475,0.352086,0.7471
codex-m,0.32,6590,0.368202,0.370643,0.6629
codex-m,0.34,7002,0.362563,0.365047,0.6852
codex-m,0.36,7414,0.360616,0.363434,0.7814
codex-m,0.38,7826,0.350947,0.353866,0.8317
codex-m,0.4,8238,0.344981,0.347505,0.7314
codex-m,0.42,8649,0.363459,0.366291,0.779
codex-m,0.44,9061,0.369142,0.371957,0.7627
codex-m,0.46,9473,0.363644,0.366552,0.7996
codex-m,0.48,9885,0.354847,0.359136,1.2086
codex-m,0.5,10297,0.345964,0.35086,1.4151
codex-m,0.52,10709,0.361091,0.365971,1.3515
codex-m,0.54,11121,0.378246,0.383145,1.2952
codex-m,0.56,11533,0.370577,0.375224,1.254
codex-m,0.58,11945,0.359077,0.363739,1.2984
codex-m,0.6,12356,0.348756,0.353264,1.2927
codex-m,0.62,12768,0.338344,0.342788,1.3135
codex-m,0.64,13180,0.328531,0.332789,1.2962
codex-m,0.66,13592,0.319608,0.323814,1.3161
codex-m,0.68,14004,0.310947,0.315034,1.3142
codex-m,0.7,14416,0.303792,0.307745,1.3014
codex-m,0.72,14828,0.29776,0.301616,1.2953
codex-m,0.74,15240,0.303407,0.307087,1.2126
codex-m,0.76,15651,0.309677,0.313147,1.1207
codex-m,0.78,16063,0.316139,0.31952,1.0695
codex-m,0.8,16475,0.322526,0.3258,1.0152
codex-m,0.82,16887,0.328479,0.331727,0.989
codex-m,0.84,17299,0.334945,0.338127,0.9498
codex-m,0.86,17711,0.340298,0.343384,0.9067
codex-m,0.88,18123,0.344289,0.347333,0.8842
codex-m,0.9,18535,0.347071,0.349932,0.8243
codex-m,0.92,18946,0.343852,0.346682,0.8229
codex-m,0.94,19358,0.349123,0.351918,0.8008
codex-m,0.96,19770,0.350635,0.35335,0.7743
codex-m,0.98,20182,0.346189,0.348848,0.7682
codex-m,1.0,20594,0.342342,0.34493,0.756
hetionet,0.02,9001,0.336572,0.553228,64.3716
hetionet,0.04,18002,0.338955,0.493101,45.4767
hetionet,0.06,27002,0.35924,0.490181,36.4495
hetionet,0.08,36003,0.398682,0.518828,30.1357
hetionet,0.1,45004,0.429777,0.54245,26.2165
hetionet,0.12,54005,0.455862,0.565437,24.0368
hetionet,0.14,63006,0.477515,0.580895,21.6497
hetionet,0.16,72006,0.497126,0.594981,19.6842
hetionet,0.18,81007,0.517432,0.608858,17.6692
hetionet,0.2,90008,0.530704,0.617149,16.2886
hetionet,0.22,99009,0.543187,0.622567,14.6137
hetionet,0.24,108010,0.553492,0.628496,13.5511
hetionet,0.26,117010,0.563128,0.633549,12.5054
hetionet,0.28,126011,0.569605,0.63617,11.6861
hetionet,0.3,135012,0.579068,0.641994,10.8668
hetionet,0.32,144013,0.584035,0.643687,10.2139
hetionet,0.34,153014,0.585185,0.641574,9.6362
hetionet,0.36,162014,0.578192,0.631374,9.198
hetionet,0.38,171015,0.570576,0.621055,8.8471
hetionet,0.4,180016,0.566975,0.614783,8.432
hetionet,0.42,189017,0.554883,0.60025,8.1761
hetionet,0.44,198018,0.540923,0.583799,7.9266
hetionet,0.46,207018,0.518299,0.559336,7.9175
hetionet,0.48,216019,0.497683,0.536985,7.8971
hetionet,0.5,225020,0.478669,0.516423,7.8871
hetionet,0.52,234021,0.461767,0.498072,7.8621
hetionet,0.54,243022,0.446564,0.481542,7.8327
hetionet,0.56,252022,0.43253,0.466249,7.7959
hetionet,0.58,261023,0.430481,0.463252,7.6127
hetionet,0.6,270024,0.438789,0.47067,7.2656
hetionet,0.62,279025,0.44643,0.477505,6.9608
hetionet,0.64,288026,0.453519,0.483797,6.6763
hetionet,0.66,297026,0.459909,0.489374,6.4067
hetionet,0.68,306027,0.465876,0.494421,6.1273
hetionet,0.7,315028,0.461486,0.488915,5.9436
hetionet,0.72,324029,0.450158,0.476419,5.8338
hetionet,0.74,333030,0.439356,0.464699,5.7682
hetionet,0.76,342030,0.429271,0.453503,5.6451
hetionet,0.78,351031,0.419199,0.442606,5.5837
hetionet,0.8,360032,0.409899,0.432383,5.4853
hetionet,0.82,369033,0.403028,0.424958,5.4413
hetionet,0.84,378034,0.404229,0.425552,5.275
hetionet,0.86,387034,0.395979,0.41682,5.2632
hetionet,0.88,396035,0.38859,0.408998,5.2517
hetionet,0.9,405036,0.384553,0.404528,5.1945
hetionet,0.92,414037,0.38117,0.40059,5.0949
hetionet,0.94,423038,0.378819,0.397787,5.0072
hetionet,0.96,432038,0.375493,0.394068,4.9467
hetionet,0.98,441039,0.371891,0.390188,4.92
hetionet,1.0,450040,0.373188,0.390322,4.5911
macro,0.02,1703,0.280278,0.335423,20.9643
macro,0.04,3406,0.283882,0.329212,17.1928
macro,0.06,5109,0.296922,0.337245,14.2457
macro,0.08,6812,0.305833,0.34242,12.0476
macro,0.1,8515,0.321774,0.357369,10.771
macro,0.12,10218,0.331377,0.365582,10.0171
macro,0.14,11921,0.344973,0.37721,9.1071
macro,0.16,13624,0.351476,0.382081,8.2988
macro,0.18,15327,0.357353,0.386275,7.7665
macro,0.2,17030,0.36313,0.391178,7.3538
macro,0.22,18733,0.363359,0.389333,6.8253
macro,0.24,20436,0.359648,0.384369,6.4011
macro,0.26,22139,0.3652,0.388972,6.0172
macro,0.28,23842,0.375581,0.3986,5.7134
macro,0.3,25545,0.383451,0.405106,5.2844
macro,0.32,27248,0.393817,0.414303,4.9451
macro,0.34,28951,0.396878,0.416577,4.7829
macro,0.36,30654,0.399089,0.418235,4.6818
macro,0.38,32357,0.402928,0.421358,4.5058
macro,0.4,34060,0.406657,0.424246,4.2527
macro,0.42,35763,0.412656,0.429613,4.0947
macro,0.44,37466,0.416953,0.433281,4.0002
macro,0.46,39169,0.41811,0.433894,3.914
macro,0.48,40872,0.417505,0.432995,3.8989
macro,0.5,42575,0.417905,0.433015,3.8262
macro,0.52,44278,0.418035,0.43278,3.8129
macro,0.54,45981,0.421051,0.435414,3.737
macro,0.56,47684,0.41873,0.432682,3.6963
macro,0.58,49388,0.421657,0.435443,3.6674
macro,0.6,51090,0.423262,0.436586,3.5031
macro,0.62,52793,0.422967,0.43598,3.3971
macro,0.64,54497,0.419489,0.43215,3.3052
macro,0.66,56200,0.417605,0.429932,3.2115
macro,0.68,57903,0.418182,0.430308,3.0665
macro,0.7,59606,0.416876,0.42858,2.8971
macro,0.72,61309,0.411797,0.42317,2.8357
macro,0.74,63012,0.407443,0.418482,2.7844
macro,0.76,64714,0.405133,0.415846,2.7391
macro,0.78,66418,0.402295,0.412742,2.7051
macro,0.8,68121,0.398398,0.408459,2.6404
macro,0.82,69824,0.39409,0.403869,2.6075
macro,0.84,71527,0.393737,0.403294,2.5544
macro,0.86,73230,0.393272,0.402651,2.5221
macro,0.88,74933,0.391224,0.400433,2.4971
macro,0.9,76636,0.389078,0.398115,2.4582
macro,0.92,78339,0.386922,0.395785,2.4195
macro,0.94,80042,0.387619,0.396381,2.3773
macro,0.96,81745,0.387855,0.396436,2.3044
macro,0.98,83448,0.386359,0.394792,2.2498
macro,1.0,85151,0.385357,0.393384,2.1203
