dataset,setting,total,B,Uc,Ud,other,other_Z,other_Uxx,other_aux,path
FB15k-237,rule.txt,1737378,85209,1398534,253307,328,328,0,0,data/FB15k-237/rules/rule.txt
FB15k-237,rules-10,123397,7304,75658,40107,328,328,0,0,data/FB15k-237/rules/rules-10
FB15k-237,rules-10-5,66061,6485,31891,27357,328,328,0,0,data/FB15k-237/rules/rules-10-5
FB15k-237,rules-100,2103473,29091,1539206,534848,328,328,0,0,data/FB15k-237/rules/rules-100
FB15k-237,rules-100-5,859918,25183,610891,223516,328,328,0,0,data/FB15k-237/rules/rules-100-5
FB15k-237,rules-1000,7634555,110255,6757915,766057,328,328,0,0,data/FB15k-237/rules/rules-1000
FB15k-237,rules-1000-5,1737378,85209,1398534,253307,328,328,0,0,data/FB15k-237/rules/rules-1000-5
FB15k-237,rules-400,5171513,67460,4374647,729078,328,328,0,0,data/FB15k-237/rules/rules-400
FB15k-237,rules-400-5,1492933,54961,1186638,251006,328,328,0,0,data/FB15k-237/rules/rules-400-5
KG20C,rule.txt,37433,54,25115,12220,44,44,0,0,data/KG20C/rules/rule.txt
KG20C,rules-10,45460,56,26361,18999,44,44,0,0,data/KG20C/rules/rules-10
KG20C,rules-10-3,21887,54,10481,11308,44,44,0,0,data/KG20C/rules/rules-10-3
KG20C,rules-100,125580,56,103014,22466,44,44,0,0,data/KG20C/rules/rules-100
KG20C,rules-100-3,35940,54,23622,12220,44,44,0,0,data/KG20C/rules/rules-100-3
KG20C,rules-1000,154790,56,132224,22466,44,44,0,0,data/KG20C/rules/rules-1000
KG20C,rules-1000-3,37433,54,25115,12220,44,44,0,0,data/KG20C/rules/rules-1000-3
KG20C,rules-400,150884,56,128318,22466,44,44,0,0,data/KG20C/rules/rules-400
KG20C,rules-400-3,37359,54,25041,12220,44,44,0,0,data/KG20C/rules/rules-400-3
WN18RR,rule.txt,18612,1222,13656,3704,30,30,0,0,data/WN18RR/rules/rule.txt
WN18RR,rules-10,22217,762,18331,3094,30,30,0,0,data/WN18RR/rules/rules-10
WN18RR,rules-10-3,9638,589,7608,1411,30,30,0,0,data/WN18RR/rules/rules-10-3
WN18RR,rules-100,63751,1449,49821,12451,30,30,0,0,data/WN18RR/rules/rules-100
WN18RR,rules-100-3,18377,1060,13595,3692,30,30,0,0,data/WN18RR/rules/rules-100-3
WN18RR,rules-1000,72837,2080,58135,12592,30,30,0,0,data/WN18RR/rules/rules-1000
WN18RR,rules-1000-3,18612,1222,13656,3704,30,30,0,0,data/WN18RR/rules/rules-1000-3
WN18RR,rules-400,68913,1902,54391,12590,30,30,0,0,data/WN18RR/rules/rules-400
WN18RR,rules-400-3,18600,1210,13656,3704,30,30,0,0,data/WN18RR/rules/rules-400-3
YAGO3-10,rule.txt,990481,3546,862039,122664,2232,2232,0,0,data/YAGO3-10/rules/rule.txt
YAGO3-10,rules-10,123350,1065,109983,10070,2232,2232,0,0,data/YAGO3-10/rules/rules-10
YAGO3-10,rules-10-5,89922,929,80582,6179,2232,2232,0,0,data/YAGO3-10/rules/rules-10-5
YAGO3-10,rules-100,805925,2145,574211,227337,2232,2232,0,0,data/YAGO3-10/rules/rules-100
YAGO3-10,rules-100-5,362956,1803,255741,103180,2232,2232,0,0,data/YAGO3-10/rules/rules-100-5
YAGO3-10,rules-1000,4511356,4568,4160325,344231,2232,2232,0,0,data/YAGO3-10/rules/rules-1000
YAGO3-10,rules-1000-5,990481,3546,862039,122664,2232,2232,0,0,data/YAGO3-10/rules/rules-1000-5
YAGO3-10,rules-400,2418835,3476,2093970,319157,2232,2232,0,0,data/YAGO3-10/rules/rules-400
YAGO3-10,rules-400-5,749464,2820,623693,120719,2232,2232,0,0,data/YAGO3-10/rules/rules-400-5
codex-l,rule.txt,273472,7174,215907,49811,580,580,0,0,data/codex-l/rules/rule.txt
codex-l,rules-10,18894,2108,10601,5605,580,580,0,0,data/codex-l/rules/rules-10
codex-l,rules-10-5,9806,1702,4586,2938,580,580,0,0,data/codex-l/rules/rules-10-5
codex-l,rules-100,219375,4648,121773,92374,580,580,0,0,data/codex-l/rules/rules-100
codex-l,rules-100-5,81221,3625,47194,29822,580,580,0,0,data/codex-l/rules/rules-100-5
codex-l,rules-1000,1636790,10635,1376575,249000,580,580,0,0,data/codex-l/rules/rules-1000
codex-l,rules-1000-5,273472,7174,215907,49811,580,580,0,0,data/codex-l/rules/rules-1000-5
codex-l,rules-400,824952,8291,610985,205096,580,580,0,0,data/codex-l/rules/rules-400
codex-l,rules-400-5,197782,5941,145491,45770,580,580,0,0,data/codex-l/rules/rules-400-5
codex-m,rule.txt,518279,5400,474579,38030,270,270,0,0,data/codex-m/rules/rule.txt
codex-m,rules-10,33071,2597,15910,14294,270,270,0,0,data/codex-m/rules/rules-10
codex-m,rules-10-5,18772,1945,7962,8595,270,270,0,0,data/codex-m/rules/rules-10-5
codex-m,rules-100,1012356,4829,893876,113381,270,270,0,0,data/codex-m/rules/rules-100
codex-m,rules-100-5,234565,3489,194616,36190,270,270,0,0,data/codex-m/rules/rules-100-5
codex-m,rules-1000,5950456,8666,5805190,136330,270,270,0,0,data/codex-m/rules/rules-1000
codex-m,rules-1000-5,518279,5400,474579,38030,270,270,0,0,data/codex-m/rules/rules-1000-5
codex-m,rules-400,3008648,6889,2872380,129109,270,270,0,0,data/codex-m/rules/rules-400
codex-m,rules-400-5,384248,4625,341710,37643,270,270,0,0,data/codex-m/rules/rules-400-5
hetionet,rule.txt,6103910,2334,5717392,379244,4940,4940,0,0,data/hetionet/rules/rule.txt
hetionet,rules-10,43267,1870,25726,10731,4940,4940,0,0,data/hetionet/rules/rules-10
hetionet,rules-10-5,31209,1581,15068,9620,4940,4940,0,0,data/hetionet/rules/rules-10-5
hetionet,rules-100,848752,2425,605527,235860,4940,4940,0,0,data/hetionet/rules/rules-100
hetionet,rules-100-5,596751,2000,406808,183003,4940,4940,0,0,data/hetionet/rules/rules-100-5
hetionet,rules-1000,32982559,3444,32229191,744984,4940,4940,0,0,data/hetionet/rules/rules-1000
hetionet,rules-1000-5,18598323,2695,18185769,404919,4940,4940,0,0,data/hetionet/rules/rules-1000-5
hetionet,rules-400,9914249,2894,9262584,643831,4940,4940,0,0,data/hetionet/rules/rules-400
wikidata5m,rule.txt,1395755,24104,1166137,192105,13409,13409,0,0,data/wikidata5m/rules/rule.txt
wikidata5m,rules-10,16825,386,1909,1121,13409,13409,0,0,data/wikidata5m/rules/rules-10
wikidata5m,rules-10-5,15775,370,1274,722,13409,13409,0,0,data/wikidata5m/rules/rules-10-5
wikidata5m,rules-100,91506,1570,45085,31442,13409,13409,0,0,data/wikidata5m/rules/rules-100
wikidata5m,rules-100-5,55207,1449,26274,14075,13409,13409,0,0,data/wikidata5m/rules/rules-100-5
wikidata5m,rules-1000,653244,7435,406368,226032,13409,13409,0,0,data/wikidata5m/rules/rules-1000
wikidata5m,rules-1000-5,294217,6633,206924,67251,13409,13409,0,0,data/wikidata5m/rules/rules-1000-5
wikidata5m,rules-10000,4264765,28296,3029499,1193561,13409,13409,0,0,data/wikidata5m/rules/rules-10000
wikidata5m,rules-10000-5,1395755,24104,1166137,192105,13409,13409,0,0,data/wikidata5m/rules/rules-10000-5
wikidata5m,rules-400,296833,4002,173508,105914,13409,13409,0,0,data/wikidata5m/rules/rules-400
wikidata5m,rules-400-5,149127,3637,94231,37850,13409,13409,0,0,data/wikidata5m/rules/rules-400-5
wikidata5m,rules-4000,2056763,17606,1380396,645352,13409,13409,0,0,data/wikidata5m/rules/rules-4000
wikidata5m,rules-4000-5,780050,15317,614153,137171,13409,13409,0,0,data/wikidata5m/rules/rules-4000-5
