selector,dataset,coverage,feature,n,min,q25,median,q75,max,mean
balanced5_rf,FB15k-237,0.1,synergy_weight_top5_mean,4082,0.0,0.8576595,1.134126,1.35757,2.290384,1.0671991139147476
balanced5_rf,FB15k-237,0.1,max_candidate_dep_score,4082,-0.4177720000000001,0.2309357000000002,0.5365906,0.9607850000000004,4.957934000000008,0.7025295757226848
balanced5_rf,FB15k-237,0.1,topk_rule_weight,4082,0.1411864440405439,0.6024212185880068,0.8932931080451711,1.1998251418058543,1.8562979903656265,0.912269813770056
balanced5_rf,FB15k-237,0.1,num_neg_dep,4082,0.0,2.0,14.0,45.0,369.0,37.92307692307692
balanced5_rf,FB15k-237,0.1,effective_candidates,4082,4.921896148327559,99.4871493319342,100.05060078580607,102.08292777601068,162.9872922148379,101.80988278566436
balanced5_rf,FB15k-237,0.2,synergy_weight_top5_mean,8164,0.0,0.784911,1.040705,1.315874,2.352808,1.0015416302057816
balanced5_rf,FB15k-237,0.2,max_candidate_dep_score,8164,-0.9572362000000002,0.0901954,0.3681506000000001,0.7651589999999999,6.011376100000017,0.5376421630450758
balanced5_rf,FB15k-237,0.2,topk_rule_weight,8164,0.0911954290530633,0.6138451135740821,0.8912117007518999,1.1998251418058543,2.0109737424023755,0.9460834826425479
balanced5_rf,FB15k-237,0.2,num_neg_dep,8164,0.0,2.0,14.0,48.0,369.0,45.91462518373346
balanced5_rf,FB15k-237,0.2,effective_candidates,8164,1.993683544904549,99.4868475681576,100.06343314126026,102.4420685486499,165.96783336299018,102.80751954328912
balanced5_rf,FB15k-237,0.5,synergy_weight_top5_mean,20410,0.0,0.0,0.540552,1.088166,2.364568,0.6150683589988568
balanced5_rf,FB15k-237,0.5,max_candidate_dep_score,20410,-1.5294449,0.0,0.05333455,0.40329007500000036,6.011376100000017,0.2854202087751102
balanced5_rf,FB15k-237,0.5,topk_rule_weight,20410,0.0034973805321706,0.3495574761698683,0.803861099698232,1.213022639845854,2.024432172826236,0.8325718753553778
balanced5_rf,FB15k-237,0.5,num_neg_dep,20410,0.0,0.0,5.0,25.0,369.0,29.357128858402742
balanced5_rf,FB15k-237,0.5,effective_candidates,20410,1.0,99.41082383426571,99.97728494320751,100.99706241956996,165.96783336299018,94.15860314079377
balanced5_rf,KG20C,0.1,synergy_weight_top5_mean,745,0.0,0.23538,0.44354,0.68952,0.78584,0.4267686033557047
balanced5_rf,KG20C,0.1,max_candidate_dep_score,745,0.0,0.0009982299815611,0.0031297739641316,0.0038730327596244,0.136238,0.0059279414853588485
balanced5_rf,KG20C,0.1,topk_rule_weight,745,0.0520101135123914,0.0891446869242593,0.1485316071782194,0.2174417286798967,0.4723553399288814,0.16273923691715209
balanced5_rf,KG20C,0.1,num_neg_dep,745,0.0,0.0,0.0,0.0,0.0,0.0
balanced5_rf,KG20C,0.1,effective_candidates,745,99.68471337657608,99.97583951678504,99.99077372920912,99.99900096657042,101.99682110850269,100.11049719023508
balanced5_rf,KG20C,0.2,synergy_weight_top5_mean,1490,0.0,0.0,0.21550249999999999,0.51075375,1.26695,0.27654171062639826
balanced5_rf,KG20C,0.2,max_candidate_dep_score,1490,0.0,0.0,0.0009982299815611,0.003674982053983125,0.136238,0.005750488595605313
balanced5_rf,KG20C,0.2,topk_rule_weight,1490,0.021429936296404,0.08066839622598075,0.1182513247077355,0.2006706954621512,0.5868356419079835,0.14666925269120143
balanced5_rf,KG20C,0.2,num_neg_dep,1490,0.0,0.0,0.0,0.0,1.0,0.0020134228187919465
balanced5_rf,KG20C,0.2,effective_candidates,1490,99.63335761366449,99.9810192528311,99.99195280015121,99.99875861315849,102.82693053076083,100.07219999331978
balanced5_rf,KG20C,0.5,synergy_weight_top5_mean,3724,0.0,0.0,0.476075,0.9175329999999999,1.664406,0.5160473528911564
balanced5_rf,KG20C,0.5,max_candidate_dep_score,3724,0.0,0.0,0.001307365409377,0.0042935856978927,0.2229176,0.012737181247725356
balanced5_rf,KG20C,0.5,topk_rule_weight,3724,0.021429936296404,0.1167860266007148,0.2174417286798967,0.3235914331038515,0.8918083245953777,0.23757061151848444
balanced5_rf,KG20C,0.5,num_neg_dep,3724,0.0,0.0,0.0,0.0,18.0,0.6090225563909775
balanced5_rf,KG20C,0.5,effective_candidates,3724,99.17873915811698,99.95655153280649,99.98867303341865,99.9991870043605,107.5667309180116,100.26882958181059
balanced5_rf,WN18RR,0.1,synergy_weight_top5_mean,606,0.0,0.0,0.34475,0.64683,2.260384,0.44440671259625963
balanced5_rf,WN18RR,0.1,max_candidate_dep_score,606,0.0,0.0,0.14887445,0.2532982,1.7869029999999992,0.24434941501650168
balanced5_rf,WN18RR,0.1,topk_rule_weight,606,0.0009980040748513,0.18966979427262465,0.2739910469354616,0.4063624660428209,1.3862943611198906,0.3497007831364498
balanced5_rf,WN18RR,0.1,num_neg_dep,606,0.0,0.0,0.0,0.0,8.0,0.4521452145214521
balanced5_rf,WN18RR,0.1,effective_candidates,606,1.0,99.90479519260998,99.98916537194282,99.99975155450711,106.93570556619112,97.1255262248358
balanced5_rf,WN18RR,0.2,synergy_weight_top5_mean,1211,0.0,0.0,0.0,0.41137,2.47159,0.257098967519956
balanced5_rf,WN18RR,0.2,max_candidate_dep_score,1211,0.0,0.0,0.0,0.1844086,1.7869029999999992,0.12973420280759704
balanced5_rf,WN18RR,0.2,topk_rule_weight,1211,0.0009980040748513,0.0480173955003965,0.2476892952894575,0.4017006508527217,1.9363406980391624,0.2912703892589738
balanced5_rf,WN18RR,0.2,num_neg_dep,1211,0.0,0.0,0.0,0.0,8.0,0.25681255161023947
balanced5_rf,WN18RR,0.2,effective_candidates,1211,1.0,99.86869929604543,99.97911564522202,99.99984806347602,106.93570556619112,93.05732400640089
balanced5_rf,WN18RR,0.5,synergy_weight_top5_mean,3028,0.0,0.0,0.0,0.0,2.47159,0.10728065763980625
balanced5_rf,WN18RR,0.5,max_candidate_dep_score,3028,0.0,0.0,0.0,0.0,1.7869029999999992,0.0524364107001321
balanced5_rf,WN18RR,0.5,topk_rule_weight,3028,0.0009980040748513,0.0471522324624511,0.1343381009776158,0.2876820724517809,1.9363406980391624,0.21561751229135787
balanced5_rf,WN18RR,0.5,num_neg_dep,3028,0.0,0.0,0.0,0.0,8.0,0.10766182298546896
balanced5_rf,WN18RR,0.5,effective_candidates,3028,1.0,99.98810074096482,99.99977607538327,99.99999782331321,106.93570556619112,96.97042311503178
balanced5_rf,YAGO3-10,0.1,synergy_weight_top5_mean,998,0.430174,2.127252,2.920498,2.931678,3.270886,2.6469678877755514
balanced5_rf,YAGO3-10,0.1,max_candidate_dep_score,998,-1.8850924,0.14798689999999987,0.1713285999999996,0.5383777999999999,3.698019,0.16021695581162324
balanced5_rf,YAGO3-10,0.1,topk_rule_weight,998,0.1628493879126535,1.170455764584632,1.961492268802556,2.378302309152158,3.634291263829534,1.7652038013012883
balanced5_rf,YAGO3-10,0.1,num_neg_dep,998,0.0,21.0,47.0,72.75,197.0,49.52204408817635
balanced5_rf,YAGO3-10,0.1,effective_candidates,998,97.64650209267192,99.6000074176236,99.98849644157606,100.56868172094252,102.88463494370544,100.04309878542513
balanced5_rf,YAGO3-10,0.2,synergy_weight_top5_mean,1995,0.271622,2.127252,2.876924,2.931678,3.270886,2.477753121553884
balanced5_rf,YAGO3-10,0.2,max_candidate_dep_score,1995,-1.8852439,0.1499067000000004,0.1718691999999997,0.5383247000000007,3.698019,0.21859113002506264
balanced5_rf,YAGO3-10,0.2,topk_rule_weight,1995,0.1411864187689795,1.0529469493643568,1.961492268802556,2.288486168614544,3.634291263829534,1.7038530489577137
balanced5_rf,YAGO3-10,0.2,num_neg_dep,1995,0.0,12.0,35.0,63.0,239.0,41.75889724310777
balanced5_rf,YAGO3-10,0.2,effective_candidates,1995,96.77128020015272,99.23067573917326,99.94834883043504,100.20901372233644,102.88463494370544,99.82459323709418
balanced5_rf,YAGO3-10,0.5,synergy_weight_top5_mean,4988,0.203966,2.127252,2.858084,2.920498,3.665204,2.387040196103983
balanced5_rf,YAGO3-10,0.5,max_candidate_dep_score,4988,-1.8852595,0.14756559999999988,0.1716975,0.5236410249999999,3.698019,0.2085827363271852
balanced5_rf,YAGO3-10,0.5,topk_rule_weight,4988,0.0574811885313467,1.0414418186188787,1.587609879714929,1.961492268802556,3.634291263829534,1.5397926293558308
balanced5_rf,YAGO3-10,0.5,num_neg_dep,4988,0.0,5.0,19.0,45.0,299.0,29.834001603849238
balanced5_rf,YAGO3-10,0.5,effective_candidates,4988,96.55502534546014,99.50924294698208,99.84733932024628,99.98290585168891,102.88463494370544,99.75515096666952
balanced5_rf,codex-l,0.1,synergy_weight_top5_mean,6113,1.603072,2.37418,2.61117,2.886936,3.200884,2.6133545067888106
balanced5_rf,codex-l,0.1,max_candidate_dep_score,6113,-0.100005168593087,-0.0214314683840297,-0.0069917141586681,-1.4324433227295138e-05,0.0089985627920968,-0.01775890603843571
balanced5_rf,codex-l,0.1,topk_rule_weight,6113,0.2317396048433911,1.372688709064112,1.897119984885881,2.21890427695158,2.3208385333033963,1.7153089190244124
balanced5_rf,codex-l,0.1,num_neg_dep,6113,0.0,15.0,31.0,51.0,221.0,44.86684115818747
balanced5_rf,codex-l,0.1,effective_candidates,6113,98.72422641853711,112.875244635654,130.764641360309,150.66568614541163,155.80334202823315,130.76147021238984
balanced5_rf,codex-l,0.2,synergy_weight_top5_mean,12226,0.23836,2.223074,2.476246,2.699946,3.302986,2.4458541364305577
balanced5_rf,codex-l,0.2,max_candidate_dep_score,12226,-0.100005168593087,-0.0098161197338018,-0.0008913997988909,7.259392379432016e-05,0.1214148999999999,-0.010361397138799074
balanced5_rf,codex-l,0.2,topk_rule_weight,12226,0.2005356686217778,0.6931471805599453,1.2856508353402032,1.9096672009379696,2.3208385333033963,1.3081536894379913
balanced5_rf,codex-l,0.2,num_neg_dep,12226,0.0,10.0,17.0,37.0,221.0,30.07279568133486
balanced5_rf,codex-l,0.2,effective_candidates,12226,63.985067786904565,99.99260189394128,106.1147378837508,135.81167467719777,166.29066320963844,118.24019755164703
balanced5_rf,codex-l,0.5,synergy_weight_top5_mean,30564,0.0,0.0,2.0333680000000003,2.483062,3.4980320000000003,1.4674802733226455
balanced5_rf,codex-l,0.5,max_candidate_dep_score,30564,-0.100005168593087,-0.0018179069781123,0.0,2.5547202349787128e-05,0.2762396960501557,-0.0011882255491571438
balanced5_rf,codex-l,0.5,topk_rule_weight,30564,0.0494327567537849,0.6034591324776977,1.0255101641247482,1.7795738246863697,2.350013786565157,1.159761491478743
balanced5_rf,codex-l,0.5,num_neg_dep,30564,0.0,0.0,5.0,21.0,221.0,16.035041224970552
balanced5_rf,codex-l,0.5,effective_candidates,30564,12.97741089862519,99.95447319560533,100.72686188583408,117.10506509229108,172.70000922856434,111.31869653295027
balanced5_rf,codex-m,0.1,synergy_weight_top5_mean,2059,0.0,0.0,0.195192,0.7597700000000001,2.203292,0.5288178963898333
balanced5_rf,codex-m,0.1,max_candidate_dep_score,2059,-0.0422010623516184,0.0,0.0012613313125184,0.0531414080585469,0.3123671001251914,0.03356790050853408
balanced5_rf,codex-m,0.1,topk_rule_weight,2059,0.0024968801985871,0.0804138251999313,0.4054651081081643,1.568615917913845,2.3078344488801887,0.7845181227427876
balanced5_rf,codex-m,0.1,num_neg_dep,2059,0.0,0.0,0.0,8.0,166.0,21.32491500728509
balanced5_rf,codex-m,0.1,effective_candidates,2059,35.21076199210833,99.96156696671639,99.9999837801702,122.75261555858728,185.69088551118836,111.48715474230544
balanced5_rf,codex-m,0.2,synergy_weight_top5_mean,4119,0.0,0.0,0.0536549999999999,0.485936,2.203292,0.37932970583474956
balanced5_rf,codex-m,0.2,max_candidate_dep_score,4119,-0.0422010623516184,0.0,0.0008464858043066,0.041402822861066405,0.3123671001251914,0.027964609342204814
balanced5_rf,codex-m,0.2,topk_rule_weight,4119,0.0024968801985871,0.09017770674879225,0.3589429384770597,1.712978591374941,2.3978952727983702,0.7757226273632045
balanced5_rf,codex-m,0.2,num_neg_dep,4119,0.0,0.0,0.0,1.0,166.0,13.543335761107064
balanced5_rf,codex-m,0.2,effective_candidates,4119,21.914823426969207,99.98158318303817,99.99996041256966,103.44633590132072,185.69088551118836,104.80863727245419
balanced5_rf,codex-m,0.5,synergy_weight_top5_mean,10297,0.0,0.0,0.0,0.034734,2.203292,0.1796303559127254
balanced5_rf,codex-m,0.5,max_candidate_dep_score,10297,-0.0422010623516184,0.0,0.0,0.0,0.3123671001251914,0.012384257238996109
balanced5_rf,codex-m,0.5,topk_rule_weight,10297,0.0024968801985871,0.2221499048811071,1.0586808191891612,1.568615917913845,2.3978952727983702,0.9915916125557482
balanced5_rf,codex-m,0.5,num_neg_dep,10297,0.0,0.0,0.0,0.0,166.0,6.089346411576187
balanced5_rf,codex-m,0.5,effective_candidates,10297,1.0,99.8780140200869,99.99995898427392,104.63163973298438,185.69088551118836,104.48683197909112
balanced5_rf,hetionet,0.1,synergy_weight_top5_mean,45004,0.090522,5.203052,5.421422,5.550072,5.578564,5.309952396916571
balanced5_rf,hetionet,0.1,max_candidate_dep_score,45004,-0.2930338474401301,-1.2052117419668768e-05,0.0,0.0027127831978548,0.1105641816073862,0.004205481084738413
balanced5_rf,hetionet,0.1,topk_rule_weight,45004,0.4286659171206461,1.5112017105741622,1.6254554101353778,1.7264543708202884,2.0932348638121714,1.5743729795048196
balanced5_rf,hetionet,0.1,num_neg_dep,45004,0.0,11.0,28.0,54.0,313.0,37.598391254110744
balanced5_rf,hetionet,0.1,effective_candidates,45004,97.12854258789255,102.51159854937468,112.08070809182796,134.37426723196586,193.07559991417065,121.60765063558193
balanced5_rf,hetionet,0.2,synergy_weight_top5_mean,90008,0.090522,5.22283,5.464196,5.550072,5.578564,5.299596738538056
balanced5_rf,hetionet,0.2,max_candidate_dep_score,90008,-0.2930338474401301,0.0,0.0006071510373926,0.0129583731319572,0.1306326017740287,0.00904117648899702
balanced5_rf,hetionet,0.2,topk_rule_weight,90008,0.1155145992763694,1.459859732565801,1.6101991617431082,1.7117167615545184,2.1269080789187598,1.5343858656229625
balanced5_rf,hetionet,0.2,num_neg_dep,90008,0.0,8.0,27.0,48.0,313.0,32.73091280775042
balanced5_rf,hetionet,0.2,effective_candidates,90008,97.05930844243132,102.26608500077818,108.69772759152806,123.54670730477588,197.6953683436276,117.3119550843926
balanced5_rf,hetionet,0.5,synergy_weight_top5_mean,225020,0.0,0.0,3.21877,5.398608,5.578564,2.804598729670696
balanced5_rf,hetionet,0.5,max_candidate_dep_score,225020,-0.3389269098428589,0.0,6.862341551795232e-07,0.0075998750673065,0.3734679695921971,0.006316840320280869
balanced5_rf,hetionet,0.5,topk_rule_weight,225020,0.0101959108687708,0.6830453973948357,1.304948721665938,1.619854410203354,2.1269080789187598,1.1544652072254835
balanced5_rf,hetionet,0.5,num_neg_dep,225020,0.0,0.0,7.0,35.0,500.0,21.965207537107812
balanced5_rf,hetionet,0.5,effective_candidates,225020,89.82989769347145,99.99993660647937,102.33891134618486,110.66198776813796,198.9019813260522,110.76252744007945
