dataset,selector,coverage,n,mrr_stage1,mrr_stage2,gain_pt
FB15k-237,balanced2_syn_topk_global_rf,0.02,816,0.25416570714950604,0.29590972338868016,0.16423937244460496
FB15k-237,balanced2_syn_topk_global_rf,0.04,1633,0.25350906432397396,0.283842101672535,0.11965267368032517
FB15k-237,balanced2_syn_topk_global_rf,0.06,2449,0.2473924780195374,0.2731547913364271,0.10413539458889765
FB15k-237,balanced2_syn_topk_global_rf,0.08,3266,0.25756835230833836,0.28183510060039413,0.09421479026664636
FB15k-237,balanced2_syn_topk_global_rf,0.1,4082,0.24948956351774493,0.2704425124066262,0.08398326805117429
FB15k-237,balanced2_syn_topk_global_rf,0.12,4898,0.25081316554029265,0.2713261633693374,0.08178596918888359
FB15k-237,balanced2_syn_topk_global_rf,0.14,5715,0.25552924043897013,0.2746395692980017,0.07478724871643738
FB15k-237,balanced2_syn_topk_global_rf,0.16,6531,0.25907475658039153,0.2773785835323899,0.07065075422089095
FB15k-237,balanced2_syn_topk_global_rf,0.18,7347,0.26383110184537417,0.28009571633707253,0.061647828394510995
FB15k-237,balanced2_syn_topk_global_rf,0.2,8164,0.2690002017245333,0.2840990541975437,0.05612952100486601
FB15k-237,balanced2_syn_topk_global_rf,0.22,8980,0.2758198796546156,0.2897844123419756,0.05062917402779865
FB15k-237,balanced2_syn_topk_global_rf,0.24,9797,0.2957927894623838,0.30864852304087304,0.04346195727710289
FB15k-237,balanced2_syn_topk_global_rf,0.26,10613,0.30171444968164157,0.31370579233876206,0.03974401182897713
FB15k-237,balanced2_syn_topk_global_rf,0.28,11429,0.3052359793989679,0.31674371872472656,0.037701123401042924
FB15k-237,balanced2_syn_topk_global_rf,0.3,12246,0.30550428153520165,0.31761042442645515,0.03962675361018975
FB15k-237,balanced2_syn_topk_global_rf,0.32,13062,0.3072598835949621,0.31891200679220133,0.03792269612586119
FB15k-237,balanced2_syn_topk_global_rf,0.34,13878,0.3073656250065273,0.3184056542319362,0.035918230040117294
FB15k-237,balanced2_syn_topk_global_rf,0.36,14695,0.3123080341739156,0.3224369615436849,0.0324324905587563
FB15k-237,balanced2_syn_topk_global_rf,0.38,15511,0.31861940310138465,0.32805107878572515,0.02960169905703869
FB15k-237,balanced2_syn_topk_global_rf,0.4,16328,0.3212073563949543,0.3300838485841766,0.027634772406357477
FB15k-237,balanced2_syn_topk_global_rf,0.42,17144,0.3261725275934641,0.3346393748498286,0.025958186358715718
FB15k-237,balanced2_syn_topk_global_rf,0.44,17960,0.32855623947291174,0.3366824542699602,0.024733101432147464
FB15k-237,balanced2_syn_topk_global_rf,0.46,18777,0.3334529130395921,0.34139304223788985,0.023811845354474226
FB15k-237,balanced2_syn_topk_global_rf,0.48,19593,0.33968950397232894,0.34748627648428365,0.02295264475581149
FB15k-237,balanced2_syn_topk_global_rf,0.5,20410,0.3417621396845994,0.3492514612354891,0.021913842059279487
FB15k-237,balanced2_syn_topk_global_rf,0.52,21226,0.3449561745485313,0.3519923826650383,0.020397397222171154
FB15k-237,balanced2_syn_topk_global_rf,0.54,22042,0.3485704902516851,0.3551178484785867,0.018783455312508135
FB15k-237,balanced2_syn_topk_global_rf,0.56,22859,0.35083667728203827,0.3570835998667869,0.01780578539605404
FB15k-237,balanced2_syn_topk_global_rf,0.58,23675,0.3460271100896683,0.3519777689492081,0.017197088569152363
FB15k-237,balanced2_syn_topk_global_rf,0.6,24491,0.34091856587991887,0.3467099452163022,0.016987573913540555
FB15k-237,balanced2_syn_topk_global_rf,0.62,25308,0.33845996731303335,0.34403446400119525,0.016470180306453086
FB15k-237,balanced2_syn_topk_global_rf,0.64,26124,0.34010666573936194,0.3455053213759162,0.015873419078153317
FB15k-237,balanced2_syn_topk_global_rf,0.66,26941,0.3438844543054524,0.3491014334152581,0.015170732623963845
FB15k-237,balanced2_syn_topk_global_rf,0.68,27757,0.34618302962904457,0.35123050141961093,0.014580355934763922
FB15k-237,balanced2_syn_topk_global_rf,0.7,28573,0.3467035804081171,0.3516059583689036,0.0141399692354367
FB15k-237,balanced2_syn_topk_global_rf,0.72,29390,0.3463606612080311,0.35113125290496355,0.01377348016455926
FB15k-237,balanced2_syn_topk_global_rf,0.74,30206,0.3456774418003313,0.35031920926715804,0.013428031180316102
FB15k-237,balanced2_syn_topk_global_rf,0.76,31022,0.34655753405027245,0.35108849121376146,0.013074184567667624
FB15k-237,balanced2_syn_topk_global_rf,0.78,31839,0.35068209030243186,0.35508617945018633,0.01255863720886441
FB15k-237,balanced2_syn_topk_global_rf,0.8,32655,0.35338883482368294,0.35768202197465904,0.012148621370899004
FB15k-237,balanced2_syn_topk_global_rf,0.82,33472,0.35542040463949687,0.3596037542437887,0.011770144734754462
FB15k-237,balanced2_syn_topk_global_rf,0.84,34288,0.35604359527750457,0.3601291446916295,0.011474857203766398
FB15k-237,balanced2_syn_topk_global_rf,0.86,35104,0.3571788057361869,0.3611705162324406,0.011175664491140047
FB15k-237,balanced2_syn_topk_global_rf,0.88,35921,0.35649008831019413,0.3603956166503974,0.0109555033036568
FB15k-237,balanced2_syn_topk_global_rf,0.9,36737,0.3547604197392403,0.35857958936465995,0.01076548964573587
FB15k-237,balanced2_syn_topk_global_rf,0.92,37553,0.35190845353300193,0.3556456133257966,0.010619693148247178
FB15k-237,balanced2_syn_topk_global_rf,0.94,38370,0.35284616281084197,0.3565046010075855,0.010368366110601102
FB15k-237,balanced2_syn_topk_global_rf,0.96,39186,0.35129838437210115,0.3548542521029477,0.010122072542981364
FB15k-237,balanced2_syn_topk_global_rf,0.98,40003,0.3518413085258286,0.3552547809348232,0.009701738614196875
FB15k-237,balanced2_syn_topk_global_rf,1.0,40819,0.35281198551723697,0.3560530550713822,0.009186393000208515
KG20C,balanced2_syn_topk_global_rf,0.02,149,0.21609382973869504,0.300407367413729,0.39017096312739485
KG20C,balanced2_syn_topk_global_rf,0.04,298,0.18946909186803818,0.26166618473068093,0.38104944796445595
KG20C,balanced2_syn_topk_global_rf,0.06,447,0.16334624464267156,0.22037246777885902,0.34911254471099284
KG20C,balanced2_syn_topk_global_rf,0.08,596,0.16805362495328455,0.2135449144779587,0.2706950804382815
KG20C,balanced2_syn_topk_global_rf,0.1,745,0.15961822053036326,0.19771046860560657,0.2386459888393333
KG20C,balanced2_syn_topk_global_rf,0.12,894,0.15404282157816823,0.18920806366968207,0.228282251202919
KG20C,balanced2_syn_topk_global_rf,0.14,1043,0.14787770179098017,0.17921856469992647,0.2119377196789647
KG20C,balanced2_syn_topk_global_rf,0.16,1192,0.14398800913777124,0.17384350381913038,0.20734708994269568
KG20C,balanced2_syn_topk_global_rf,0.18,1341,0.1446129916181323,0.1723274303467348,0.19164556668453248
KG20C,balanced2_syn_topk_global_rf,0.2,1490,0.14646550371161554,0.17233716151603976,0.17663994011425665
KG20C,balanced2_syn_topk_global_rf,0.22,1639,0.14793887046192955,0.17280699908588054,0.16809732659376042
KG20C,balanced2_syn_topk_global_rf,0.24,1788,0.15303131290046382,0.17743870658129424,0.15949280717931047
KG20C,balanced2_syn_topk_global_rf,0.26,1936,0.1503470571717187,0.1739931461257368,0.15727669964973612
KG20C,balanced2_syn_topk_global_rf,0.28,2085,0.151595255885136,0.17238592126289168,0.13714588399460736
KG20C,balanced2_syn_topk_global_rf,0.3,2234,0.1503025566239394,0.1699829508732974,0.1309385195529229
KG20C,balanced2_syn_topk_global_rf,0.32,2383,0.1475294054491812,0.16644430578422462,0.12821105241665842
KG20C,balanced2_syn_topk_global_rf,0.34,2532,0.14611227038385227,0.16420153828893314,0.12380389311286755
KG20C,balanced2_syn_topk_global_rf,0.36,2681,0.14848585790017116,0.16463367411840507,0.10874985972799034
KG20C,balanced2_syn_topk_global_rf,0.38,2830,0.1474510079810521,0.16293170952853606,0.1049887807445391
KG20C,balanced2_syn_topk_global_rf,0.4,2979,0.14771701661722475,0.16232299722116186,0.09887811802877944
KG20C,balanced2_syn_topk_global_rf,0.42,3128,0.14807274365754264,0.1624647554628728,0.09719555030745908
KG20C,balanced2_syn_topk_global_rf,0.44,3277,0.1498077697630559,0.16297327713510082,0.08788267386176418
KG20C,balanced2_syn_topk_global_rf,0.46,3426,0.14880370193278905,0.16179561820335456,0.08730909313286861
KG20C,balanced2_syn_topk_global_rf,0.48,3575,0.1516713656411322,0.16492999110147968,0.08741680016067477
KG20C,balanced2_syn_topk_global_rf,0.5,3724,0.152999341809109,0.16637385055159204,0.08741546587285232
KG20C,balanced2_syn_topk_global_rf,0.52,3873,0.15523098065335042,0.16873822082773718,0.0870138172002537
KG20C,balanced2_syn_topk_global_rf,0.54,4022,0.15674410079253515,0.16989379881139258,0.08389277779750204
KG20C,balanced2_syn_topk_global_rf,0.56,4171,0.15748239965386285,0.17011740511954707,0.08023122262205318
KG20C,balanced2_syn_topk_global_rf,0.58,4320,0.15765539060491499,0.1697564422893219,0.07675634583743607
KG20C,balanced2_syn_topk_global_rf,0.6,4469,0.16111776111302717,0.17249169314734206,0.0705939056981797
KG20C,balanced2_syn_topk_global_rf,0.62,4618,0.16367236249086295,0.17467528301476726,0.06722528077712897
KG20C,balanced2_syn_topk_global_rf,0.64,4767,0.16455454009656012,0.17565147720317548,0.06743622570427843
KG20C,balanced2_syn_topk_global_rf,0.66,4916,0.16330418509902175,0.1740460333221223,0.06577815636866302
KG20C,balanced2_syn_topk_global_rf,0.68,5065,0.1637208129716056,0.17500489319589588,0.06892269846135757
KG20C,balanced2_syn_topk_global_rf,0.7,5214,0.16190646352747642,0.17299385455638008,0.06848022486157301
KG20C,balanced2_syn_topk_global_rf,0.72,5363,0.16133580863911132,0.17177587877113595,0.06471018566856301
KG20C,balanced2_syn_topk_global_rf,0.74,5512,0.16517815044522327,0.17528622780582406,0.06119500268864475
KG20C,balanced2_syn_topk_global_rf,0.76,5660,0.16755386535809236,0.17750827624143203,0.059410213318954685
KG20C,balanced2_syn_topk_global_rf,0.78,5809,0.16932577215058994,0.1792619414809384,0.058680785589518614
KG20C,balanced2_syn_topk_global_rf,0.8,5958,0.17395016835772753,0.18387064941398243,0.057030591863834745
KG20C,balanced2_syn_topk_global_rf,0.82,6107,0.18337252717607685,0.19305716335341927,0.05281399742090631
KG20C,balanced2_syn_topk_global_rf,0.84,6256,0.1828182266320522,0.19219378222207223,0.051283483943259656
KG20C,balanced2_syn_topk_global_rf,0.86,6405,0.18520028591794868,0.19424273898567715,0.04882526516041463
KG20C,balanced2_syn_topk_global_rf,0.88,6554,0.18730784118724406,0.19612523205110738,0.04707432859176963
KG20C,balanced2_syn_topk_global_rf,0.9,6703,0.18916775360706337,0.19792457855742995,0.0462913196535395
KG20C,balanced2_syn_topk_global_rf,0.92,6852,0.19547781192326327,0.20398227557669926,0.043506030529820494
KG20C,balanced2_syn_topk_global_rf,0.94,7001,0.20337013791433373,0.21158158570000063,0.04037686097811388
KG20C,balanced2_syn_topk_global_rf,0.96,7150,0.2133267300081612,0.2213647293863283,0.03767928837543999
KG20C,balanced2_syn_topk_global_rf,0.98,7299,0.222319422068449,0.2300460484188857,0.03475461693156867
KG20C,balanced2_syn_topk_global_rf,1.0,7448,0.22638074035722044,0.23398674950607826,0.033598304947920044
WN18RR,balanced2_syn_topk_global_rf,0.02,121,0.5144208683156218,0.5464965637237789,0.062353021395074926
WN18RR,balanced2_syn_topk_global_rf,0.04,242,0.5045910922688838,0.529501516782897,0.049367547100374054
WN18RR,balanced2_syn_topk_global_rf,0.06,363,0.45679372286756803,0.47640764672576974,0.04293825172349863
WN18RR,balanced2_syn_topk_global_rf,0.08,484,0.42434274555204743,0.43938683753904334,0.03545269041285093
WN18RR,balanced2_syn_topk_global_rf,0.1,606,0.40815454984128446,0.4178457175269339,0.023743867830011922
WN18RR,balanced2_syn_topk_global_rf,0.12,727,0.417397210487227,0.4259342318899581,0.020452991031650214
WN18RR,balanced2_syn_topk_global_rf,0.14,848,0.4604553819051477,0.4677939617549489,0.01593765680278869
WN18RR,balanced2_syn_topk_global_rf,0.16,969,0.4644839881789953,0.47091516735829014,0.013845857646263005
WN18RR,balanced2_syn_topk_global_rf,0.18,1090,0.42560445633215616,0.4313862497305592,0.01358489863623702
WN18RR,balanced2_syn_topk_global_rf,0.2,1211,0.40193401475758767,0.40763455351633954,0.014182772667772126
WN18RR,balanced2_syn_topk_global_rf,0.22,1332,0.38042198598534366,0.38576025340463566,0.014032489224998779
WN18RR,balanced2_syn_topk_global_rf,0.24,1453,0.3599768980460818,0.36503997987927655,0.014065018785029526
WN18RR,balanced2_syn_topk_global_rf,0.26,1574,0.34187273299623167,0.3466502675915275,0.013974599709736246
WN18RR,balanced2_syn_topk_global_rf,0.28,1695,0.3288576192179046,0.33338184675702565,0.013757405256051847
WN18RR,balanced2_syn_topk_global_rf,0.3,1816,0.3147400873745479,0.31910358865695276,0.013863824334560126
WN18RR,balanced2_syn_topk_global_rf,0.32,1938,0.29997959627456916,0.3041039950596022,0.013748931048156887
WN18RR,balanced2_syn_topk_global_rf,0.34,2059,0.2890378040567981,0.2929630025651444,0.013580225331268458
WN18RR,balanced2_syn_topk_global_rf,0.36,2180,0.2820187628240768,0.285838606442242,0.0135446435546136
WN18RR,balanced2_syn_topk_global_rf,0.38,2301,0.27204822155541925,0.2753519596748965,0.01214394308695832
WN18RR,balanced2_syn_topk_global_rf,0.4,2422,0.27025494612638984,0.2734168192960325,0.011699594086851395
WN18RR,balanced2_syn_topk_global_rf,0.42,2543,0.2718990438098276,0.275059373797267,0.01162317433396276
WN18RR,balanced2_syn_topk_global_rf,0.44,2664,0.26899038704199885,0.27211622897010057,0.011620645490255654
WN18RR,balanced2_syn_topk_global_rf,0.46,2785,0.26778199978569067,0.27103249565319454,0.012138589860801963
WN18RR,balanced2_syn_topk_global_rf,0.48,2906,0.2674402052567486,0.2706047477748015,0.01183271047453327
WN18RR,balanced2_syn_topk_global_rf,0.5,3028,0.2733196923021109,0.27637878696483387,0.011192368310372736
WN18RR,balanced2_syn_topk_global_rf,0.52,3149,0.27948301677189996,0.2825058045732682,0.010815640378732727
WN18RR,balanced2_syn_topk_global_rf,0.54,3270,0.2864812714043416,0.2895268494753565,0.010630984902033402
WN18RR,balanced2_syn_topk_global_rf,0.56,3391,0.2875112329365671,0.2905533964676676,0.01058102495693336
WN18RR,balanced2_syn_topk_global_rf,0.58,3512,0.29208068663356057,0.2951656798929734,0.010562126838886687
WN18RR,balanced2_syn_topk_global_rf,0.6,3633,0.29728790074403216,0.30033815249109524,0.01026026198654284
WN18RR,balanced2_syn_topk_global_rf,0.62,3754,0.3120374273644864,0.31501194468963106,0.009532565853615171
WN18RR,balanced2_syn_topk_global_rf,0.64,3875,0.32929645939422053,0.3322129686118407,0.00885678887342256
WN18RR,balanced2_syn_topk_global_rf,0.66,3996,0.3437008816922295,0.3466104190045673,0.008465318151098522
WN18RR,balanced2_syn_topk_global_rf,0.68,4117,0.3600748347415193,0.36294744501755516,0.007977814606505262
WN18RR,balanced2_syn_topk_global_rf,0.7,4238,0.37360141565175176,0.37644097709520796,0.007600510395557647
WN18RR,balanced2_syn_topk_global_rf,0.72,4360,0.38288804944020527,0.3856579155678762,0.007234140975986403
WN18RR,balanced2_syn_topk_global_rf,0.74,4481,0.39540177521193115,0.39811825042383364,0.006870164430714754
WN18RR,balanced2_syn_topk_global_rf,0.76,4602,0.40636822755138885,0.40906589726420006,0.006638485811418571
WN18RR,balanced2_syn_topk_global_rf,0.78,4723,0.41914828638856033,0.42181282399788317,0.006357028516759122
WN18RR,balanced2_syn_topk_global_rf,0.8,4844,0.4324015272520635,0.43491128897518694,0.005804238803394535
WN18RR,balanced2_syn_topk_global_rf,0.82,4965,0.4422228697949553,0.44469006673499095,0.005579080388084856
WN18RR,balanced2_syn_topk_global_rf,0.84,5086,0.4541347729918076,0.4565545782793775,0.005328385826146809
WN18RR,balanced2_syn_topk_global_rf,0.86,5207,0.466798389570786,0.46918116597462217,0.005104508621006865
WN18RR,balanced2_syn_topk_global_rf,0.88,5328,0.47890148544071176,0.48123014849153284,0.004862509559096617
WN18RR,balanced2_syn_topk_global_rf,0.9,5450,0.48362242750500234,0.4860169946497633,0.004951315341421347
WN18RR,balanced2_syn_topk_global_rf,0.92,5571,0.48828451242828386,0.49066378057102233,0.004872708599554354
WN18RR,balanced2_syn_topk_global_rf,0.94,5692,0.49820116805867365,0.5005423838135579,0.004699338148899113
WN18RR,balanced2_syn_topk_global_rf,0.96,5813,0.5048633845932365,0.5071712871875568,0.004571340811692526
WN18RR,balanced2_syn_topk_global_rf,0.98,5934,0.5115770275192434,0.5137723839543152,0.004291350699849872
WN18RR,balanced2_syn_topk_global_rf,1.0,6055,0.5112021246888968,0.5133269561687425,0.0041565388272568615
YAGO3-10,balanced2_syn_topk_global_rf,0.02,200,0.6091868887616271,0.7603881671349195,0.24820179350980265
YAGO3-10,balanced2_syn_topk_global_rf,0.04,399,0.5965614355883119,0.7133684165255242,0.1958004221677867
YAGO3-10,balanced2_syn_topk_global_rf,0.06,598,0.6166569688124128,0.7285644549184945,0.18147445300358545
YAGO3-10,balanced2_syn_topk_global_rf,0.08,798,0.5985277808689999,0.7004020759751717,0.17020813128884482
YAGO3-10,balanced2_syn_topk_global_rf,0.1,998,0.6098415429814417,0.6962020760213649,0.14161143010644528
YAGO3-10,balanced2_syn_topk_global_rf,0.12,1197,0.6352330233302342,0.7147359233204341,0.12515548951375788
YAGO3-10,balanced2_syn_topk_global_rf,0.14,1397,0.6441799662944724,0.7192440901993047,0.11652663515232398
YAGO3-10,balanced2_syn_topk_global_rf,0.16,1596,0.6445939788362403,0.7141461510222338,0.10790074755517276
YAGO3-10,balanced2_syn_topk_global_rf,0.18,1796,0.6348997031829849,0.6993143120903901,0.10145635379016738
YAGO3-10,balanced2_syn_topk_global_rf,0.2,1995,0.6271878947622513,0.6860727166866227,0.09388705109924511
YAGO3-10,balanced2_syn_topk_global_rf,0.22,2194,0.62608374905629,0.6801284738514651,0.08632187766674648
YAGO3-10,balanced2_syn_topk_global_rf,0.24,2394,0.6150183103724368,0.6670192298107658,0.08455182319179855
YAGO3-10,balanced2_syn_topk_global_rf,0.26,2594,0.6054208887142652,0.6602360411580008,0.09054057014806127
YAGO3-10,balanced2_syn_topk_global_rf,0.28,2793,0.6120347106038718,0.6650823943328394,0.08667430590109415
YAGO3-10,balanced2_syn_topk_global_rf,0.3,2992,0.6126906809881921,0.6630584719871387,0.08220753564867311
YAGO3-10,balanced2_syn_topk_global_rf,0.32,3192,0.621890849988638,0.668793536813487,0.07541948370153051
YAGO3-10,balanced2_syn_topk_global_rf,0.34,3392,0.6235757038490941,0.6682680259388646,0.07167104461238938
YAGO3-10,balanced2_syn_topk_global_rf,0.36,3591,0.632431252092755,0.6754692204590933,0.06805161545056948
YAGO3-10,balanced2_syn_topk_global_rf,0.38,3790,0.6361477873726644,0.677691657384709,0.06530537531793312
YAGO3-10,balanced2_syn_topk_global_rf,0.4,3990,0.6411075227369951,0.6811889430150493,0.0625190297361351
YAGO3-10,balanced2_syn_topk_global_rf,0.42,4190,0.6491489660012334,0.6868817477828119,0.05812653760201281
YAGO3-10,balanced2_syn_topk_global_rf,0.44,4389,0.6518982267505987,0.6891262017162716,0.05710703517516302
YAGO3-10,balanced2_syn_topk_global_rf,0.46,4588,0.654414628049285,0.6906511578826436,0.05537243252244295
YAGO3-10,balanced2_syn_topk_global_rf,0.48,4788,0.6530921266528843,0.6881880036480235,0.05373801882286733
YAGO3-10,balanced2_syn_topk_global_rf,0.5,4988,0.6562367126008979,0.6902657057837984,0.051854753825081756
YAGO3-10,balanced2_syn_topk_global_rf,0.52,5187,0.6623142535151885,0.6951453399982189,0.04957025506967683
YAGO3-10,balanced2_syn_topk_global_rf,0.54,5386,0.6618546975166119,0.6946756733755561,0.04958939776675142
YAGO3-10,balanced2_syn_topk_global_rf,0.56,5586,0.6588236229695851,0.6911309676257614,0.04903792688937614
YAGO3-10,balanced2_syn_topk_global_rf,0.58,5786,0.6534077819928116,0.6848602926856794,0.04813611279152763
YAGO3-10,balanced2_syn_topk_global_rf,0.6,5985,0.6526906599173423,0.6835591417574379,0.04729419882307617
YAGO3-10,balanced2_syn_topk_global_rf,0.62,6184,0.6506484947114846,0.6806926212015095,0.04617566433216358
YAGO3-10,balanced2_syn_topk_global_rf,0.64,6384,0.6474462778971453,0.6773147971771759,0.04613281487545384
YAGO3-10,balanced2_syn_topk_global_rf,0.66,6584,0.6464573090113468,0.675335290861335,0.04467113519708277
YAGO3-10,balanced2_syn_topk_global_rf,0.68,6783,0.6491194081935453,0.6769017954367186,0.04280011796364214
YAGO3-10,balanced2_syn_topk_global_rf,0.7,6982,0.6486986089372697,0.6757228398240415,0.04165914727494813
YAGO3-10,balanced2_syn_topk_global_rf,0.72,7182,0.6481205615352419,0.6741668419767035,0.04018740028824919
YAGO3-10,balanced2_syn_topk_global_rf,0.74,7382,0.6422704263364833,0.6674714247233372,0.03923736381667231
YAGO3-10,balanced2_syn_topk_global_rf,0.76,7581,0.6329142096346685,0.657433426747466,0.03874019059700129
YAGO3-10,balanced2_syn_topk_global_rf,0.78,7780,0.6274543027989751,0.6509648505930432,0.037469737141320625
YAGO3-10,balanced2_syn_topk_global_rf,0.8,7980,0.6231275299723155,0.6458076087834137,0.03639717027444744
YAGO3-10,balanced2_syn_topk_global_rf,0.82,8179,0.6256875871333679,0.648026791921436,0.03570344888959154
YAGO3-10,balanced2_syn_topk_global_rf,0.84,8379,0.6244653402315332,0.6462699624912832,0.034917265787186125
YAGO3-10,balanced2_syn_topk_global_rf,0.86,8578,0.6103003065029571,0.6315972797366889,0.03489589142722904
YAGO3-10,balanced2_syn_topk_global_rf,0.88,8778,0.5998826061057856,0.6207843713505612,0.03484309268518726
YAGO3-10,balanced2_syn_topk_global_rf,0.9,8978,0.5907815294306499,0.6112630125619632,0.03466845544587671
YAGO3-10,balanced2_syn_topk_global_rf,0.92,9177,0.5826923349899645,0.6027418977005254,0.034408488848418184
YAGO3-10,balanced2_syn_topk_global_rf,0.94,9376,0.5770486021518815,0.5968806710493489,0.034368108376853224
YAGO3-10,balanced2_syn_topk_global_rf,0.96,9576,0.5705016059533755,0.5899960818225056,0.034170764228704575
YAGO3-10,balanced2_syn_topk_global_rf,0.98,9776,0.5654995481011148,0.5845713670126645,0.03372561300109056
YAGO3-10,balanced2_syn_topk_global_rf,1.0,9975,0.5616723217905851,0.5802260659200453,0.033033039745151926
codex-l,balanced2_syn_topk_global_rf,0.02,1223,0.27973119361448134,0.3378260419664189,0.2076809797337169
codex-l,balanced2_syn_topk_global_rf,0.04,2445,0.3359373191274937,0.37882901222089227,0.12767766678854886
codex-l,balanced2_syn_topk_global_rf,0.06,3668,0.34394750294940046,0.3767110743836944,0.09525747724097866
codex-l,balanced2_syn_topk_global_rf,0.08,4890,0.36869421533573055,0.39647982459189723,0.07536220559051965
codex-l,balanced2_syn_topk_global_rf,0.1,6113,0.3857290680234231,0.40979442496818963,0.0623892751150017
codex-l,balanced2_syn_topk_global_rf,0.12,7335,0.374570950870744,0.3959982260623405,0.05720485035421374
codex-l,balanced2_syn_topk_global_rf,0.14,8558,0.3594682643683,0.3787901346439451,0.053751254814106586
codex-l,balanced2_syn_topk_global_rf,0.16,9781,0.3594216521829365,0.37767767413044206,0.0507927717671659
codex-l,balanced2_syn_topk_global_rf,0.18,11003,0.36707590839346166,0.38500956174038553,0.048855435447703544
codex-l,balanced2_syn_topk_global_rf,0.2,12226,0.3706528347377094,0.3877864377746017,0.046225474166457836
codex-l,balanced2_syn_topk_global_rf,0.22,13448,0.38177969342124557,0.39823922378974763,0.04311263970328838
codex-l,balanced2_syn_topk_global_rf,0.24,14671,0.38914812196014875,0.4040322538110009,0.03824798582061861
codex-l,balanced2_syn_topk_global_rf,0.26,15894,0.3855765391820508,0.3994346889629076,0.035941371874582906
codex-l,balanced2_syn_topk_global_rf,0.28,17116,0.3678128729422835,0.38059305063755045,0.034746412198771504
codex-l,balanced2_syn_topk_global_rf,0.3,18339,0.3475603950689675,0.3594991413644003,0.0343501344365309
codex-l,balanced2_syn_topk_global_rf,0.32,19561,0.3431319690957209,0.35458164090094757,0.03336812898955688
codex-l,balanced2_syn_topk_global_rf,0.34,20784,0.3412306105900855,0.35198481762486533,0.03151595050685141
codex-l,balanced2_syn_topk_global_rf,0.36,22006,0.3389774379326782,0.3492069173240494,0.030177463885967537
codex-l,balanced2_syn_topk_global_rf,0.38,23229,0.343329828850686,0.35319843691014274,0.028743812014506265
codex-l,balanced2_syn_topk_global_rf,0.4,24452,0.34733013688307784,0.35668678842451007,0.026938784020869466
codex-l,balanced2_syn_topk_global_rf,0.42,25674,0.342105663046315,0.35158761475940964,0.027716441840399897
codex-l,balanced2_syn_topk_global_rf,0.44,26897,0.34435401324197074,0.35345154507072696,0.026419125315561676
codex-l,balanced2_syn_topk_global_rf,0.46,28119,0.3541136639024336,0.36297770009974173,0.02503161301268042
codex-l,balanced2_syn_topk_global_rf,0.48,29342,0.365786105317486,0.3742209061785237,0.023059380163488408
codex-l,balanced2_syn_topk_global_rf,0.5,30564,0.36689555561499926,0.3750524430864963,0.02223217846785941
codex-l,balanced2_syn_topk_global_rf,0.52,31787,0.3720721288440325,0.3800257495311675,0.02137655597006316
codex-l,balanced2_syn_topk_global_rf,0.54,33010,0.37110171349097365,0.37902209779529933,0.021342893380410954
codex-l,balanced2_syn_topk_global_rf,0.56,34232,0.3661906114214935,0.3739127526979244,0.021087764228729933
codex-l,balanced2_syn_topk_global_rf,0.58,35455,0.36152276628041324,0.36913795863746723,0.021064212457224007
codex-l,balanced2_syn_topk_global_rf,0.6,36677,0.35617044675498083,0.36373467984881097,0.021237677529808652
codex-l,balanced2_syn_topk_global_rf,0.62,37900,0.35016117455925444,0.3575937283119362,0.021226093275581004
codex-l,balanced2_syn_topk_global_rf,0.64,39123,0.3450689910408274,0.3522059153817228,0.02068260123683796
codex-l,balanced2_syn_topk_global_rf,0.66,40345,0.3399517475951359,0.34702267933728126,0.020799809949988646
codex-l,balanced2_syn_topk_global_rf,0.68,41568,0.3377566733387582,0.34458518104927965,0.02021723995271807
codex-l,balanced2_syn_topk_global_rf,0.7,42790,0.33674134159891017,0.3434869384745448,0.020031983134608078
codex-l,balanced2_syn_topk_global_rf,0.72,44013,0.33372848550340206,0.3403858969953682,0.019948586294406212
codex-l,balanced2_syn_topk_global_rf,0.74,45235,0.3343024523126573,0.34087258780389595,0.019653267410356667
codex-l,balanced2_syn_topk_global_rf,0.76,46458,0.3322341289377006,0.3386578821779436,0.01933501913479696
codex-l,balanced2_syn_topk_global_rf,0.78,47681,0.328209645202276,0.33450188495853467,0.019171404156574257
codex-l,balanced2_syn_topk_global_rf,0.8,48903,0.32827223387348065,0.33441083590283965,0.018699729663169906
codex-l,balanced2_syn_topk_global_rf,0.82,50126,0.33005120936004456,0.3361034005536068,0.01833712776055929
codex-l,balanced2_syn_topk_global_rf,0.84,51348,0.3330611030043691,0.33904120089273243,0.017954957316900888
codex-l,balanced2_syn_topk_global_rf,0.86,52571,0.336182473499898,0.3420652692515231,0.01749881750342608
codex-l,balanced2_syn_topk_global_rf,0.88,53794,0.3393798824109698,0.3451501884497505,0.017002498786280906
codex-l,balanced2_syn_topk_global_rf,0.9,55016,0.3393887650706586,0.34506469076396373,0.016723964601843555
codex-l,balanced2_syn_topk_global_rf,0.92,56239,0.3409771463269752,0.3465338745103095,0.016296482750212782
codex-l,balanced2_syn_topk_global_rf,0.94,57461,0.33940255220677457,0.3448272230716008,0.01598299962553429
codex-l,balanced2_syn_topk_global_rf,0.96,58684,0.3374062479956696,0.3427558512624046,0.01585508062910468
codex-l,balanced2_syn_topk_global_rf,0.98,59906,0.33543255641646036,0.3407558189235586,0.015869844489659668
codex-l,balanced2_syn_topk_global_rf,1.0,61129,0.32990176871301513,0.33484279266174394,0.014977258133547888
codex-m,balanced2_syn_topk_global_rf,0.02,412,0.27876695920615996,0.3217846101392004,0.15431402292273488
codex-m,balanced2_syn_topk_global_rf,0.04,824,0.33941345662854927,0.364648936705941,0.07435026391722932
codex-m,balanced2_syn_topk_global_rf,0.06,1236,0.33988877942038387,0.3600575683375024,0.0593393784623093
codex-m,balanced2_syn_topk_global_rf,0.08,1648,0.34038007513664414,0.35717443898617884,0.049340032147277446
codex-m,balanced2_syn_topk_global_rf,0.1,2059,0.33149360457765736,0.34536298055807935,0.041839045426207866
codex-m,balanced2_syn_topk_global_rf,0.12,2471,0.3268438301469229,0.3394411145913579,0.03854221277107239
codex-m,balanced2_syn_topk_global_rf,0.14,2883,0.3157692486129596,0.32733223529046584,0.03661846974744232
codex-m,balanced2_syn_topk_global_rf,0.16,3295,0.3254221411746854,0.33622885093369925,0.033208280542942115
codex-m,balanced2_syn_topk_global_rf,0.18,3707,0.3264148427953221,0.3365840638808342,0.03115428513736007
codex-m,balanced2_syn_topk_global_rf,0.2,4119,0.3304778340049145,0.340060996552766,0.028997898079025308
codex-m,balanced2_syn_topk_global_rf,0.22,4531,0.33654812955771274,0.34523034445524,0.02579784029386012
codex-m,balanced2_syn_topk_global_rf,0.24,4943,0.33314971422109524,0.3414072797235221,0.024786350250166178
codex-m,balanced2_syn_topk_global_rf,0.26,5354,0.33458489292555255,0.3420446068686586,0.022295429652784415
codex-m,balanced2_syn_topk_global_rf,0.28,5766,0.33967882585554376,0.34666314170619267,0.020561528476370716
codex-m,balanced2_syn_topk_global_rf,0.3,6178,0.3391105493133321,0.3458335353652722,0.019825352132375462
codex-m,balanced2_syn_topk_global_rf,0.32,6590,0.3487548831189319,0.35499154650460957,0.017882655376472156
codex-m,balanced2_syn_topk_global_rf,0.34,7002,0.3449246257668822,0.35076203503126735,0.016923724281519892
codex-m,balanced2_syn_topk_global_rf,0.36,7414,0.351720533772551,0.35746876902717756,0.016343189272946423
codex-m,balanced2_syn_topk_global_rf,0.38,7826,0.3575284865581387,0.3630368332779956,0.015406735202793786
codex-m,balanced2_syn_topk_global_rf,0.4,8238,0.3659063112869404,0.3717008974546758,0.01583625641043218
codex-m,balanced2_syn_topk_global_rf,0.42,8649,0.37078640876590696,0.37619494245580737,0.014586655718858976
codex-m,balanced2_syn_topk_global_rf,0.44,9061,0.3621538305368409,0.3675078407082755,0.014783801025928911
codex-m,balanced2_syn_topk_global_rf,0.46,9473,0.3651118138223801,0.3704611553172477,0.014651241872633447
codex-m,balanced2_syn_topk_global_rf,0.48,9885,0.3617498252812547,0.36698979133522786,0.01448505483008633
codex-m,balanced2_syn_topk_global_rf,0.5,10297,0.35305075216215936,0.3581414440638479,0.014419150421042914
codex-m,balanced2_syn_topk_global_rf,0.52,10709,0.34525308157013396,0.35018980911394165,0.014298865983633169
codex-m,balanced2_syn_topk_global_rf,0.54,11121,0.34038202792093636,0.34512680088676045,0.013939551964025076
codex-m,balanced2_syn_topk_global_rf,0.56,11533,0.33663333897972303,0.3412019682728453,0.013571529507353741
codex-m,balanced2_syn_topk_global_rf,0.58,11945,0.3383180417386415,0.34270971903953545,0.01298091369388632
codex-m,balanced2_syn_topk_global_rf,0.6,12356,0.3379405607946056,0.3421279629392867,0.012390942758795154
codex-m,balanced2_syn_topk_global_rf,0.62,12768,0.338715672158024,0.34273730582494455,0.011873184495119204
codex-m,balanced2_syn_topk_global_rf,0.64,13180,0.3372895976081719,0.3412958943808964,0.011877913819858144
codex-m,balanced2_syn_topk_global_rf,0.66,13592,0.33681626289658106,0.3406884466360794,0.011496427477099891
codex-m,balanced2_syn_topk_global_rf,0.68,14004,0.3361539093797899,0.33993500318369824,0.011248103021870293
codex-m,balanced2_syn_topk_global_rf,0.7,14416,0.33380846015963794,0.3375863368582915,0.011317498354735722
codex-m,balanced2_syn_topk_global_rf,0.72,14828,0.334053663710181,0.3377788357528214,0.01115141801250319
codex-m,balanced2_syn_topk_global_rf,0.74,15240,0.33717789188353176,0.3408809007317742,0.010982359571550804
codex-m,balanced2_syn_topk_global_rf,0.76,15651,0.3407131290992236,0.3442808956943184,0.010471467901830733
codex-m,balanced2_syn_topk_global_rf,0.78,16063,0.3419901599175958,0.3454656896829825,0.010162660136841861
codex-m,balanced2_syn_topk_global_rf,0.8,16475,0.3438188039157208,0.3471792285659065,0.00977382450265707
codex-m,balanced2_syn_topk_global_rf,0.82,16887,0.347032584737593,0.3503456281953105,0.00954677918853819
codex-m,balanced2_syn_topk_global_rf,0.84,17299,0.3466844012131992,0.3499121982214101,0.009310476609029505
codex-m,balanced2_syn_topk_global_rf,0.86,17711,0.34704373496190566,0.3501664626046213,0.008998081014366832
codex-m,balanced2_syn_topk_global_rf,0.88,18123,0.3437263076387853,0.3467974371268062,0.008934810690278239
codex-m,balanced2_syn_topk_global_rf,0.9,18535,0.3450960357120429,0.34812185274112156,0.008768043431259587
codex-m,balanced2_syn_topk_global_rf,0.92,18946,0.3434043675831068,0.3462728338576785,0.008353027932521906
codex-m,balanced2_syn_topk_global_rf,0.94,19358,0.3434748074465116,0.3462662109558755,0.00812695268720276
codex-m,balanced2_syn_topk_global_rf,0.96,19770,0.34188007279758964,0.344626847849671,0.008034323350889272
codex-m,balanced2_syn_topk_global_rf,0.98,20182,0.34480666317263586,0.3475524716602755,0.007963327803398146
codex-m,balanced2_syn_topk_global_rf,1.0,20594,0.34234153499948855,0.3449297847479118,0.0075604315685127155
hetionet,balanced2_syn_topk_global_rf,0.02,9001,0.2528299895133253,0.45249104945739693,0.7897048144027572
hetionet,balanced2_syn_topk_global_rf,0.04,18002,0.3233859857298929,0.5050974844649949,0.5619028243446391
hetionet,balanced2_syn_topk_global_rf,0.06,27002,0.3913191345799157,0.5529979605215661,0.4131636090711843
hetionet,balanced2_syn_topk_global_rf,0.08,36003,0.43806917947296337,0.5894627791308952,0.3455929034771903
hetionet,balanced2_syn_topk_global_rf,0.1,45004,0.4739683999843728,0.6126411912296664,0.2925781365379334
hetionet,balanced2_syn_topk_global_rf,0.12,54005,0.49807109950243783,0.6257455425186474,0.2563377861991061
hetionet,balanced2_syn_topk_global_rf,0.14,63006,0.5169895383062333,0.6349638869948946,0.22819484718234362
hetionet,balanced2_syn_topk_global_rf,0.16,72006,0.5345775286444745,0.6431984801139659,0.20319026829451836
hetionet,balanced2_syn_topk_global_rf,0.18,81007,0.5466238796118672,0.6466902009106361,0.18306247683475063
hetionet,balanced2_syn_topk_global_rf,0.2,90008,0.5588050420293346,0.6513743653208393,0.1656558483354651
hetionet,balanced2_syn_topk_global_rf,0.22,99009,0.57203072434946,0.6562474773062431,0.14722417760437323
hetionet,balanced2_syn_topk_global_rf,0.24,108010,0.5819619094456118,0.66096735242915,0.13575706880678884
hetionet,balanced2_syn_topk_global_rf,0.26,117010,0.5871911927030287,0.6606399803086487,0.1250849612840952
hetionet,balanced2_syn_topk_global_rf,0.28,126011,0.5883828087824201,0.6569666989230052,0.11656338206500338
hetionet,balanced2_syn_topk_global_rf,0.3,135012,0.5822230606473641,0.6470233458880303,0.11129803956685591
hetionet,balanced2_syn_topk_global_rf,0.32,144013,0.5806768094439194,0.6423594829096801,0.10622548113266417
hetionet,balanced2_syn_topk_global_rf,0.34,153014,0.5813672475323268,0.6402234834582883,0.10123761903647455
hetionet,balanced2_syn_topk_global_rf,0.36,162014,0.5802411443453331,0.635655267141894,0.09550188458125075
hetionet,balanced2_syn_topk_global_rf,0.38,171015,0.5755245233302347,0.6284744473055427,0.09200289792851346
hetionet,balanced2_syn_topk_global_rf,0.4,180016,0.5738856799064989,0.624477428660192,0.08815649270414938
hetionet,balanced2_syn_topk_global_rf,0.42,189017,0.5727137377012087,0.6216844747729078,0.0855064822929874
hetionet,balanced2_syn_topk_global_rf,0.44,198018,0.5709130504797211,0.6178675093223217,0.08224450080996792
hetionet,balanced2_syn_topk_global_rf,0.46,207018,0.5699402436968966,0.6145599174512326,0.07828833679985858
hetionet,balanced2_syn_topk_global_rf,0.48,216019,0.5667974655064554,0.6092743256948518,0.07494186684557902
hetionet,balanced2_syn_topk_global_rf,0.5,225020,0.5616543974462767,0.6021054584526344,0.07202126644121387
hetionet,balanced2_syn_topk_global_rf,0.52,234021,0.5554605600079904,0.5940610164574057,0.06949270430444265
hetionet,balanced2_syn_topk_global_rf,0.54,243022,0.5505151745594538,0.5877235441359401,0.06758827239641874
hetionet,balanced2_syn_topk_global_rf,0.56,252022,0.544058964381605,0.5797588284210549,0.06561763775003238
hetionet,balanced2_syn_topk_global_rf,0.58,261023,0.5402820172246579,0.5746177818243318,0.06355155919505018
hetionet,balanced2_syn_topk_global_rf,0.6,270024,0.5346347163875929,0.5676775557815088,0.06180451508495177
hetionet,balanced2_syn_topk_global_rf,0.62,279025,0.5250817769635931,0.5570169651380307,0.060819456274240125
hetionet,balanced2_syn_topk_global_rf,0.64,288026,0.5129579309458675,0.5440105514907938,0.060536388408435116
hetionet,balanced2_syn_topk_global_rf,0.66,297026,0.501736314220276,0.5318488990485387,0.06001675377047255
hetionet,balanced2_syn_topk_global_rf,0.68,306027,0.49086363412940026,0.5201165056231882,0.05959470097162756
hetionet,balanced2_syn_topk_global_rf,0.7,315028,0.4801405266016907,0.5085734698168924,0.05921796149232117
hetionet,balanced2_syn_topk_global_rf,0.72,324029,0.4704069060791487,0.4980529154338712,0.0587704155645854
hetionet,balanced2_syn_topk_global_rf,0.74,333030,0.4611960935797279,0.4881066734319525,0.058349539874349654
hetionet,balanced2_syn_topk_global_rf,0.76,342030,0.4519669645790777,0.47819689910456675,0.05803507021783627
hetionet,balanced2_syn_topk_global_rf,0.78,351031,0.44257230946857945,0.46810455897496905,0.057690571597322826
hetionet,balanced2_syn_topk_global_rf,0.8,360032,0.43415428937258643,0.45905755542626403,0.05736040542099974
hetionet,balanced2_syn_topk_global_rf,0.82,369033,0.42620476532302204,0.4505182485707898,0.05704648381709321
hetionet,balanced2_syn_topk_global_rf,0.84,378034,0.4192963752903274,0.4429728663762029,0.05646719714541182
hetionet,balanced2_syn_topk_global_rf,0.86,387034,0.411638283753595,0.43468566970783684,0.05598941319082429
hetionet,balanced2_syn_topk_global_rf,0.88,396035,0.4042302912191549,0.42666998052823524,0.05551214195601828
hetionet,balanced2_syn_topk_global_rf,0.9,405036,0.39865083829568165,0.4203471916209542,0.054424451778476435
hetionet,balanced2_syn_topk_global_rf,0.92,414037,0.3919905653481154,0.4130604535229488,0.05375100841042402
hetionet,balanced2_syn_topk_global_rf,0.94,423038,0.3878119440889656,0.4079920611019933,0.05203583159470293
hetionet,balanced2_syn_topk_global_rf,0.96,432038,0.3816941487331117,0.4010788404417205,0.05078592840091711
hetionet,balanced2_syn_topk_global_rf,0.98,441039,0.3753233105150352,0.39390125599567477,0.049498512243074
hetionet,balanced2_syn_topk_global_rf,1.0,450040,0.3731884548334996,0.3903218979298272,0.045910967701216165
macro,balanced2_syn_topk_global_rf,0.02,11922,0.3435993480427738,0.43075764617487483,0.28809499536229805
macro,balanced2_syn_topk_global_rf,0.04,23843,0.36326677793359197,0.4338505218719236,0.21568583513762274
macro,balanced2_syn_topk_global_rf,0.06,35763,0.3656206901845557,0.4268951377146162,0.17791730125734956
macro,balanced2_syn_topk_global_rf,0.08,47685,0.37080513908971546,0.4254694244716485,0.14869511908880156
macro,balanced2_syn_topk_global_rf,0.1,59607,0.3740421356366125,0.42142848161663815,0.12639871598658683
macro,balanced2_syn_topk_global_rf,0.12,71527,0.37956744306514667,0.4231984664888225,0.11539450718022899
macro,balanced2_syn_topk_global_rf,0.14,83450,0.3857527631024376,0.42599749184021246,0.10539340458491532
macro,balanced2_syn_topk_global_rf,0.16,95370,0.3902231506764992,0.4276269158443074,0.09813368142423554
macro,balanced2_syn_topk_global_rf,0.18,107291,0.38700898339704265,0.4216296478623732,0.09020097784646601
macro,balanced2_syn_topk_global_rf,0.2,119213,0.38636047510399235,0.418480755080679,0.08310264363815545
macro,balanced2_syn_topk_global_rf,0.22,131133,0.38866043321237104,0.4183138834621697,0.07645936073068944
macro,balanced2_syn_topk_global_rf,0.24,143056,0.3897255794868889,0.41779333218226894,0.07148043018725929
macro,balanced2_syn_topk_global_rf,0.26,154975,0.3866725361963556,0.41381493190774893,0.06926537773542475
macro,balanced2_syn_topk_global_rf,0.28,166895,0.38479972466944684,0.4102595389063188,0.06387857732756312
macro,balanced2_syn_topk_global_rf,0.3,178817,0.37887594450736356,0.4031587797945067,0.06173002275458688
macro,balanced2_syn_topk_global_rf,0.32,190739,0.3784604852808461,0.4014552163949646,0.0589683469701286
macro,balanced2_syn_topk_global_rf,0.34,202661,0.37623055531222377,0.39811550816275704,0.056378669560212646
macro,balanced2_syn_topk_global_rf,0.36,214581,0.378026146148783,0.39867277372236376,0.05211444957601349
macro,balanced2_syn_topk_global_rf,0.38,226502,0.3786641798213685,0.398390874695364,0.049741891907468964
macro,balanced2_syn_topk_global_rf,0.4,238425,0.38105842427886877,0.39998253180797116,0.047380435341939205
macro,balanced2_syn_topk_global_rf,0.42,250345,0.38298558436792834,0.401216040554415,0.04581614692205666
macro,balanced2_syn_topk_global_rf,0.44,262266,0.382381931041014,0.39996072245610825,0.04354155473011269
macro,balanced2_syn_topk_global_rf,0.46,274186,0.384802709175581,0.4018387266921864,0.04237187893653717
macro,balanced2_syn_topk_global_rf,0.48,286108,0.3866037996611843,0.4030991488881702,0.04120378229329152
macro,balanced2_syn_topk_global_rf,0.5,298031,0.38655979880287894,0.40250987859124177,0.04014986077110035
macro,balanced2_syn_topk_global_rf,0.52,309952,0.3878243137015896,0.40323690330953965,0.03899503373271048
macro,balanced2_syn_topk_global_rf,0.54,321873,0.38794992513379106,0.4030123732798417,0.03796676193137854
macro,balanced2_syn_topk_global_rf,0.56,333794,0.38593383537498216,0.400536988353084,0.036847555907218964
macro,balanced2_syn_topk_global_rf,0.58,345716,0.38418482779495255,0.3983179490455025,0.03574976562616618
macro,balanced2_syn_topk_global_rf,0.6,357635,0.3829658016559286,0.39666273302596916,0.03436701082784212
macro,balanced2_syn_topk_global_rf,0.62,369557,0.38268241079439125,0.3959660445974306,0.03333177504490016
macro,balanced2_syn_topk_global_rf,0.64,381479,0.38238863753173635,0.39545670366021735,0.03305659314234848
macro,balanced2_syn_topk_global_rf,0.66,393400,0.3822644506885777,0.39495045737502604,0.03234261907690989
macro,balanced2_syn_topk_global_rf,0.68,405321,0.38341032891195187,0.3958173321322781,0.032191575844640684
macro,balanced2_syn_topk_global_rf,0.7,417241,0.38308577098355057,0.39520148214203743,0.031778184964168635
macro,balanced2_syn_topk_global_rf,0.72,429165,0.38241344801647453,0.39413564820039143,0.030825089566978953
macro,balanced2_syn_topk_global_rf,0.74,441086,0.3830291759385552,0.3944364677411108,0.029959389853229292
macro,balanced2_syn_topk_global_rf,0.76,453004,0.38261543703006057,0.3937473954919555,0.029386375935643732
macro,balanced2_syn_topk_global_rf,0.78,464926,0.3827689380327155,0.3935997041626482,0.02887011776388596
macro,balanced2_syn_topk_global_rf,0.8,476847,0.3841590553667968,0.3947027412917503,0.028173511699914635
macro,balanced2_syn_topk_global_rf,0.82,488769,0.38714170688065097,0.39747786479619174,0.027256723171361123
macro,balanced2_syn_topk_global_rf,0.84,500690,0.38807197352011336,0.3981533904535297,0.026676660547385884
macro,balanced2_syn_topk_global_rf,0.86,512610,0.3877631828490396,0.3975870146419157,0.02606966305834397
macro,balanced2_syn_topk_global_rf,0.88,524533,0.3871312146161208,0.3967361392354844,0.025597840796041105
macro,balanced2_syn_topk_global_rf,0.9,536455,0.385923967051477,0.39533113003712234,0.02522757712830757
macro,balanced2_syn_topk_global_rf,0.92,548375,0.384962170304673,0.3941286755807115,0.024543920031314132
macro,balanced2_syn_topk_global_rf,0.94,560296,0.38602219638256896,0.3949421052428518,0.023708351074558185
macro,balanced2_syn_topk_global_rf,0.96,572217,0.3858529392076065,0.3945496985790192,0.023031256905675646
macro,balanced2_syn_topk_global_rf,0.98,584139,0.38668569090268107,0.39512201812859965,0.022257857683262543
macro,balanced2_syn_topk_global_rf,1.0,596060,0.3853569901285633,0.39338390028653303,0.02120327627483059
