dataset,relation,selected_rules,possible_pairs,observed_pairs,support_qualified_pairs,significant_pairs,significant_pairs_positive,significant_pairs_negative,observed_pairs_over_possible,qualified_pairs_over_observed,significant_pairs_over_qualified,possible_combinations,observed_combinations,support_qualified_combinations,significant_combinations,significant_positive,significant_negative,observed_over_possible,qualified_over_observed,significant_over_qualified
FB15k-237,0,500,124750,21977,11447,2310,0,2310,0.1761683366733467,0.5208627201164854,0.20179959814798637,20708500,452622,136347,738,0,738,0.02185682207789072,0.30123811922531385,0.005412660344562037
FB15k-237,1,500,124750,14588,10662,1279,1133,146,0.11693787575150301,0.7308746915272827,0.11995873194522604,20708500,236014,150552,191,189,2,0.011396962599898593,0.6378943621988526,0.001268664647430788
FB15k-237,2,500,124750,10367,5422,661,191,470,0.08310220440881763,0.5230056911353332,0.12191073404647731,20708500,84885,24789,13,0,13,0.004099041456406789,0.2920303940625552,0.0005244261567630804
FB15k-237,3,500,124750,1263,589,34,7,27,0.010124248496993988,0.4663499604117181,0.057724957555178265,20708500,1355,410,13,1,12,6.543206895719149e-05,0.3025830258302583,0.03170731707317073
FB15k-237,4,500,124750,32264,23821,11554,0,11554,0.25862925851703406,0.7383151500123977,0.4850342135090886,20708500,1015093,580163,38237,0,38237,0.04901818094019364,0.5715367951507891,0.06590733983380533
FB15k-237,5,500,124750,32781,24211,10834,2,10832,0.2627735470941884,0.738568072969098,0.4474825492544711,20708500,1049600,597996,30217,0,30217,0.050684501533186856,0.5697370426829268,0.05053043833069117
FB15k-237,6,500,124750,1472,434,48,36,12,0.011799599198396793,0.29483695652173914,0.11059907834101383,20708500,1692,219,2,2,0,8.170557983436754e-05,0.12943262411347517,0.0091324200913242
FB15k-237,7,500,124750,770,163,3,0,3,0.006172344689378758,0.21168831168831168,0.018404907975460124,20708500,301,28,0,0,0,1.4535094284955452e-05,0.09302325581395349,0.0
FB15k-237,8,500,124750,606,151,12,1,11,0.004857715430861723,0.24917491749174916,0.07947019867549669,20708500,155,14,0,0,0,7.4848492165053e-06,0.09032258064516129,0.0
FB15k-237,9,500,124750,1246,332,82,0,82,0.009987975951903807,0.2664526484751204,0.2469879518072289,20708500,1254,120,2,0,2,6.0554844629017074e-05,0.09569377990430622,0.016666666666666666
FB15k-237,10,500,124750,5870,1088,145,0,145,0.04705410821643287,0.18534923339011924,0.1332720588235294,20708500,19983,1345,1,0,1,0.0009649660767317768,0.06730721112946005,0.0007434944237918215
FB15k-237,11,500,124750,29848,11688,4822,18,4804,0.2392625250501002,0.3915840257303672,0.41255989048596853,20708500,644844,135756,1262,4,1258,0.03113909747205254,0.21052533636042206,0.009296090043902295
FB15k-237,12,500,124750,8433,5602,587,380,207,0.06759919839679358,0.664295031424167,0.10478400571224562,20708500,58638,29333,79,16,63,0.002831590892628631,0.5002387530270473,0.0026932124228684416
FB15k-237,13,500,124750,498,51,5,0,5,0.003991983967935871,0.10240963855421686,0.09803921568627451,20708500,99,4,0,0,0,4.780645628606611e-06,0.04040404040404041,0.0
FB15k-237,14,500,124750,16274,6099,2096,194,1902,0.13045290581162325,0.37476957109499814,0.34366289555664864,20708500,182055,34903,204,4,200,0.008791317574908853,0.19171678888248056,0.0058447697905624155
FB15k-237,15,500,124750,8912,5113,1151,441,710,0.07143887775551103,0.5737208258527827,0.22511245843927244,20708500,58171,20662,88,20,68,0.002809039766279547,0.35519416891578276,0.004259026231729746
FB15k-237,16,404,81406,66322,53096,18846,5543,13303,0.8147065326880083,0.8005789933958566,0.3549419918637939,10908404,6261259,3955082,13159,13158,1,0.5739848835815029,0.6316751950366531,0.0033271118019803383
FB15k-237,17,500,124750,3682,888,113,4,109,0.02951503006012024,0.2411732753938077,0.12725225225225226,20708500,8143,793,6,0,6,0.0003932201752903397,0.0973842564165541,0.007566204287515763
FB15k-237,18,500,124750,15219,4617,556,2,554,0.12199599198396793,0.30337078651685395,0.1204245180853368,20708500,130606,20977,93,0,93,0.006306878817876717,0.1606128355511998,0.004433427086809363
FB15k-237,19,500,124750,1362,398,25,7,18,0.010917835671342685,0.2922173274596182,0.06281407035175879,20708500,866,135,0,0,0,4.181857691286187e-05,0.1558891454965358,0.0
FB15k-237,20,500,124750,2827,725,49,8,41,0.022661322645290582,0.2564556066501592,0.06758620689655172,20708500,4226,403,0,0,0,0.0002040707921867832,0.09536204448651207,0.0
FB15k-237,21,500,124750,5636,1856,46,29,17,0.045178356713426855,0.3293115684882896,0.02478448275862069,20708500,20412,3040,0,0,0,0.000985682207789072,0.14893200078385263,0.0
FB15k-237,22,500,124750,8856,3638,148,129,19,0.07098997995991983,0.4107949412827462,0.04068169323804288,20708500,66832,16666,3,3,0,0.0032272738247579496,0.24937155853483362,0.00018000720028801153
FB15k-237,23,500,124750,8155,3435,1046,30,1016,0.06537074148296593,0.4212139791538933,0.30451237263464337,20708500,60032,15565,40,0,40,0.0028989062462273945,0.25927838486140725,0.00256986829424992
FB15k-237,24,500,124750,21186,12352,809,495,314,0.16982765531062124,0.5830265269517606,0.06549546632124352,20708500,420690,153056,29,27,2,0.02031484656059106,0.36382134113004827,0.00018947313401630777
FB15k-237,25,500,124750,15245,6110,5959,0,5959,0.12220440881763527,0.40078714332568055,0.9752864157119476,20708500,177766,38770,121,0,121,0.008584204553685684,0.21809569884004815,0.0031209698220273406
FB15k-237,26,500,124750,1980,613,38,0,38,0.015871743486973948,0.3095959595959596,0.06199021207177814,20708500,2264,225,0,0,0,0.00010932708791076128,0.09938162544169611,0.0
FB15k-237,27,500,124750,5994,3277,212,59,153,0.048048096192384766,0.5467133800467133,0.06469331705828502,20708500,27261,9328,16,1,15,0.0013164159644590385,0.34217380140126924,0.0017152658662092624
FB15k-237,28,500,124750,13717,5140,1391,57,1334,0.10995591182364729,0.3747175038273675,0.2706225680933852,20708500,130590,27744,199,3,196,0.006306106188280175,0.21245118309212038,0.007172722029988466
FB15k-237,29,500,124750,1501,245,56,0,56,0.012032064128256513,0.1632245169886742,0.22857142857142856,20708500,1257,107,0,0,0,6.069971267836878e-05,0.08512330946698489,0.0
FB15k-237,30,500,124750,5140,2810,258,45,213,0.04120240480961924,0.546692607003891,0.09181494661921709,20708500,19239,6396,41,0,41,0.0009290388004925513,0.332449711523468,0.00641025641025641
FB15k-237,31,500,124750,5659,2749,464,20,444,0.0453627254509018,0.4857748718854921,0.16878865041833394,20708500,26137,7671,23,0,23,0.0012621387353019293,0.29349198454298503,0.00299830530569678
FB15k-237,32,500,124750,11975,6486,841,74,767,0.09599198396793587,0.5416283924843424,0.12966389145852605,20708500,113636,35086,49,0,49,0.0054874085520438464,0.30875778802492165,0.0013965684318531608
FB15k-237,33,333,55278,44405,33270,29079,28,29051,0.8033033033033034,0.7492399504560298,0.8740306582506763,6099006,3246426,1751453,43011,0,43011,0.5322877203268861,0.5395019014756536,0.024557324689843233
FB15k-237,34,500,124750,37612,15495,13298,13,13285,0.301498997995992,0.4119695841752632,0.8582123265569539,20708500,1142496,311107,4796,0,4796,0.05517038897071251,0.27230467327675545,0.015415917996059233
FB15k-237,35,500,124750,9721,1973,234,0,234,0.07792384769539078,0.20296265816274045,0.11860111505321845,20708500,39647,3651,0,0,0,0.0019145278508824878,0.09208767372058416,0.0
FB15k-237,36,500,124750,3574,965,84,0,84,0.028649298597194388,0.27000559597090096,0.08704663212435233,20708500,11047,1896,1,0,1,0.0005334524470628003,0.17163030687064362,0.0005274261603375527
FB15k-237,37,500,124750,13863,6852,1189,134,1055,0.11112625250501001,0.4942653105388444,0.17352597781669585,20708500,177571,50754,96,59,37,0.008574788130477823,0.2858236986895383,0.0018914765338692518
FB15k-237,38,500,124750,4346,2129,321,156,165,0.034837675350701404,0.48987574781408194,0.15077501174260216,20708500,13789,4343,32,11,21,0.0006658618441702682,0.3149612009572848,0.007368178678332949
FB15k-237,39,447,99681,29659,17649,1009,715,294,0.2975391498881432,0.5950638929161469,0.057170377925094905,14786015,904616,316812,49,49,0,0.061180514154760425,0.35021710869584444,0.00015466585861646654
FB15k-237,40,500,124750,7036,5608,133,21,112,0.056400801603206416,0.7970437748720864,0.02371611982881598,20708500,48169,30827,90,0,90,0.0023260496897409277,0.6399759181216135,0.0029195186038213253
FB15k-237,41,500,124750,3208,1196,61,1,60,0.025715430861723447,0.37281795511221943,0.05100334448160535,20708500,7167,1204,9,0,9,0.0003460897699012483,0.16799218640993444,0.007475083056478406
FB15k-237,42,500,124750,3234,1215,90,0,90,0.025923847695390783,0.37569573283859,0.07407407407407407,20708500,8098,1458,23,0,23,0.000391047154550064,0.18004445542109163,0.01577503429355281
FB15k-237,43,500,124750,9502,2542,1040,4,1036,0.07616833667334669,0.2675226268154073,0.4091266719118804,20708500,51953,5574,111,0,111,0.0025087765893232247,0.1072892806960137,0.01991388589881593
FB15k-237,44,500,124750,17072,9248,1194,234,960,0.1368496993987976,0.5417057169634489,0.12910899653979238,20708500,271422,98944,85,0,85,0.013106791897047106,0.36453935200536436,0.0008590717981888745
FB15k-237,45,500,124750,19749,7912,1234,923,311,0.15830861723446893,0.4006278798926528,0.15596562184024268,20708500,272993,61477,87,79,8,0.01318265446555762,0.22519625045330832,0.0014151633944401972
FB15k-237,46,220,24090,6558,4383,364,27,337,0.27222914072229143,0.6683440073193047,0.08304814054300708,1750540,91439,36223,0,0,0,0.052234738994824455,0.39614387733899104,0.0
FB15k-237,47,500,124750,2952,1336,106,24,82,0.023663326653306612,0.45257452574525747,0.07934131736526946,20708500,5992,1412,2,0,2,0.0002893497839051597,0.2356475300400534,0.00141643059490085
FB15k-237,48,500,124750,15037,4330,1300,129,1171,0.12053707414829659,0.28795637427678394,0.3002309468822171,20708500,111165,13932,124,1,123,0.005368085568727817,0.12532721630009444,0.008900373241458513
FB15k-237,49,489,119316,35870,16101,2201,54,2147,0.30063025914378627,0.4488709227766936,0.13669958387677783,19368964,1028441,279295,165,0,165,0.0530973675205344,0.27157124229780805,0.0005907731967990834
FB15k-237,50,500,124750,15654,7523,340,22,318,0.12548296593186373,0.4805800434393765,0.04519473614249635,20708500,221179,54639,0,0,0,0.01068059009585436,0.24703520677822036,0.0
FB15k-237,51,421,88410,53569,37256,8070,1343,6727,0.6059156204049315,0.6954768616177267,0.21660940519647842,12347930,3547920,1747367,403,88,315,0.28732913127949383,0.49250462242666126,0.00023063271768323425
FB15k-237,52,383,73153,12655,5917,183,49,134,0.17299358877968093,0.4675622283682339,0.030927835051546393,9290431,212695,47013,3,0,3,0.022893986296222427,0.22103481511083947,6.381213706847043e-05
FB15k-237,53,32,496,375,210,25,16,9,0.7560483870967742,0.56,0.11904761904761904,4960,2042,617,0,0,0,0.41169354838709676,0.302154750244858,0.0
FB15k-237,54,20,190,150,109,41,28,13,0.7894736842105263,0.7266666666666667,0.3761467889908257,1140,593,249,0,0,0,0.5201754385964912,0.41989881956155145,0.0
FB15k-237,55,230,26335,14239,9847,707,41,666,0.5406872982722613,0.6915513729896763,0.07179851731491825,2001460,503296,223459,0,0,0,0.2514644309653953,0.44399120994404884,0.0
FB15k-237,56,127,8001,0,0,0,0,0,0.0,0.0,0.0,333375,0,0,0,0,0,0.0,0.0,0.0
FB15k-237,57,500,124750,4587,1078,78,0,78,0.03676953907815631,0.23501199040767387,0.07235621521335807,20708500,15740,1392,8,0,8,0.0007600743655986672,0.08843710292249048,0.005747126436781609
FB15k-237,58,500,124750,9602,5188,1337,120,1217,0.07696993987975952,0.54030410331181,0.25771010023130303,20708500,91157,33396,670,0,670,0.004401912258251443,0.36635694461204293,0.020062282908132712
FB15k-237,59,500,124750,12571,7692,167,117,50,0.1007695390781563,0.6118844960623657,0.02171086843473739,20708500,153746,57293,0,0,0,0.007424294371876283,0.3726470932577108,0.0
FB15k-237,60,500,124750,66326,29949,21100,7,21093,0.5316713426853708,0.4515423815698218,0.7045310360946944,20708500,3306476,783863,73,0,73,0.1596675761160876,0.2370690124470887,9.312851863144452e-05
FB15k-237,61,500,124750,17424,11457,2956,0,2956,0.13967134268537074,0.6575413223140496,0.2580082045910797,20708500,289852,122247,563,0,563,0.013996764613564479,0.42175662062017855,0.004605429990102007
FB15k-237,62,500,124750,34569,20341,7177,1072,6105,0.2771062124248497,0.5884173681622262,0.35283417727742,20708500,1208787,493590,145,109,36,0.058371538257237364,0.40833496720265855,0.0002937660811604773
FB15k-237,63,500,124750,42374,28957,7756,2969,4787,0.33967134268537075,0.6833671591069995,0.26784542597644784,20708500,1996889,1004408,3242,1496,1746,0.09642847140063258,0.5029863953379482,0.003227771981107279
FB15k-237,64,500,124750,11457,1387,140,0,140,0.09183967935871744,0.12106135986733002,0.10093727469358327,20708500,44065,2773,0,0,0,0.002127870198227781,0.06292976285033473,0.0
FB15k-237,65,500,124750,10880,3075,358,1,357,0.08721442885771544,0.28262867647058826,0.11642276422764228,20708500,62837,9605,25,0,25,0.0030343578723712487,0.1528558015182138,0.0026028110359187923
FB15k-237,66,500,124750,14251,6260,713,374,339,0.11423647294589179,0.43926741983018736,0.11389776357827476,20708500,165126,37537,57,11,46,0.007973827172417123,0.22732337729975896,0.0015185017449449876
FB15k-237,67,174,15051,2966,2337,92,25,67,0.19706331805195668,0.7879298718813217,0.03936670945656825,862924,29408,15756,0,0,0,0.03407947860993552,0.5357725788900979,0.0
FB15k-237,68,500,124750,12318,5788,274,0,274,0.09874148296593187,0.4698814742653028,0.04733932273669662,20708500,116218,30947,64,0,64,0.0056120916531858895,0.26628405238431224,0.0020680518305490033
FB15k-237,69,500,124750,2473,624,108,0,108,0.01982364729458918,0.2523251112009705,0.17307692307692307,20708500,4416,517,5,0,5,0.00021324576864572518,0.11707427536231885,0.009671179883945842
FB15k-237,70,500,124750,27066,17848,876,73,803,0.2169619238476954,0.6594251089928324,0.04908112953832362,20708500,688232,281451,41,0,41,0.033234275780476615,0.40894785479315116,0.00014567366966185944
FB15k-237,71,500,124750,12026,5116,384,130,254,0.09640080160320641,0.42541160818227175,0.07505863956215794,20708500,111582,23492,7,3,4,0.005388222227587705,0.21053574949364592,0.0002979737783075089
FB15k-237,72,500,124750,3248,860,116,0,116,0.026036072144288578,0.2647783251231527,0.13488372093023257,20708500,8800,1232,6,0,6,0.0004249462780983654,0.14,0.00487012987012987
FB15k-237,73,500,124750,27400,14540,7000,0,7000,0.21963927855711424,0.5306569343065694,0.4814305364511692,20708500,635968,206031,9,0,9,0.030710481203370596,0.32396441330381404,4.368274677111697e-05
FB15k-237,74,500,124750,19997,11279,746,607,139,0.16029659318637274,0.5640346051907786,0.06614061530277507,20708500,350114,106751,3,1,2,0.01690677741024217,0.304903545702257,2.8102781238583244e-05
FB15k-237,75,500,124750,889,135,33,0,33,0.00712625250501002,0.15185601799775028,0.24444444444444444,20708500,407,11,0,0,0,1.96537653620494e-05,0.02702702702702703,0.0
FB15k-237,76,500,124750,7023,2640,100,25,75,0.05629659318637274,0.3759077317385733,0.03787878787878788,20708500,31846,4651,0,0,0,0.0015378226332182438,0.14604659925893362,0.0
FB15k-237,77,500,124750,17065,5642,371,305,66,0.1367935871743487,0.3306182244359801,0.06575682382133995,20708500,210225,27418,14,12,2,0.010151628558321463,0.13042216672612678,0.0005106134656065359
FB15k-237,78,500,124750,44381,26427,3335,62,3273,0.3557595190380762,0.595457515603524,0.12619669277632725,20708500,1957071,711563,0,0,0,0.09450568607093705,0.3635856849342717,0.0
FB15k-237,79,500,124750,16842,11357,1169,0,1169,0.1350060120240481,0.6743260895380596,0.1029321123536145,20708500,263434,125507,212,0,212,0.012721056570973272,0.4764267330716612,0.0016891488124168373
FB15k-237,80,335,55945,12183,10385,3068,131,2937,0.21776745017427832,0.8524173027989822,0.2954260953298026,6209895,271650,204268,100,0,100,0.04374470099735986,0.7519528805448187,0.0004895529402549592
FB15k-237,81,146,10585,0,0,0,0,0,0.0,0.0,0.0,508080,0,0,0,0,0,0.0,0.0,0.0
FB15k-237,82,500,124750,22581,9588,886,49,837,0.18101002004008016,0.4246047562109738,0.09240717563621194,20708500,431413,94327,10,0,10,0.020832653258323876,0.2186466332725254,0.00010601418469791258
FB15k-237,83,500,124750,36800,24402,4334,3762,572,0.2949899799599198,0.6630978260869566,0.17760839275469223,20708500,1279528,626218,1684,1663,21,0.0617875751503006,0.48941328364834535,0.002689159366227097
FB15k-237,84,500,124750,18292,10202,2380,2216,164,0.14662925851703407,0.5577301552591297,0.2332875906684964,20708500,282977,100974,275,275,0,0.01366477533380013,0.35682758669432496,0.002723473369382217
FB15k-237,85,500,124750,18053,5386,3460,0,3460,0.14471342685370742,0.2983437655791281,0.6424062383958411,20708500,204923,31259,1355,0,1355,0.009895598425767198,0.15254022242500842,0.04334751591541636
FB15k-237,86,500,124750,13559,7415,993,441,552,0.10868937875751503,0.5468692381444059,0.13391773432231963,20708500,152539,46935,19,3,16,0.007366009126687109,0.3076918034076531,0.00040481516991584105
FB15k-237,87,500,124750,67386,47926,15153,4711,10442,0.5401683366733467,0.7112159795803282,0.31617493636022204,20708500,4757260,2416224,2061,1131,930,0.22972499215298067,0.5079024480478258,0.0008529838293138385
FB15k-237,88,202,20301,9841,7290,518,35,483,0.4847544455938131,0.7407783761812824,0.0710562414266118,1353400,300037,159830,0,0,0,0.22169129599527118,0.5327009668807514,0.0
FB15k-237,89,500,124750,4866,1534,84,0,84,0.039006012024048096,0.3152486642005754,0.054758800521512385,20708500,14182,2361,0,0,0,0.000684839558635343,0.1664786348892963,0.0
FB15k-237,90,500,124750,43375,28700,7096,2,7094,0.34769539078156314,0.661671469740634,0.24724738675958188,20708500,1737235,727524,1282,0,1282,0.08388994857184248,0.41878272081785134,0.0017621411802222332
FB15k-237,91,193,18528,14589,11480,9150,0,9150,0.7874028497409327,0.7868942353828227,0.7970383275261324,1179616,599618,358342,0,0,0,0.5083162656322058,0.5976171495852359,0.0
FB15k-237,92,500,124750,1749,707,10,0,10,0.01402004008016032,0.4042309891366495,0.014144271570014143,20708500,2560,567,1,0,1,0.0001236207354467972,0.221484375,0.001763668430335097
FB15k-237,93,500,124750,27661,7700,316,2,314,0.2217314629258517,0.2783702686092332,0.04103896103896104,20708500,438681,77205,0,0,0,0.021183620252553298,0.17599348957442879,0.0
FB15k-237,94,11,55,25,17,0,0,0,0.45454545454545453,0.68,0.0,165,21,6,0,0,0,0.12727272727272726,0.2857142857142857,0.0
FB15k-237,95,500,124750,14542,11332,1222,0,1222,0.1165691382765531,0.7792600742676385,0.10783621602541475,20708500,238257,155387,10,0,10,0.011505275611463892,0.652182307340393,6.435544801045133e-05
FB15k-237,96,500,124750,16599,5532,774,8,766,0.13305811623246494,0.33327308874028555,0.1399132321041215,20708500,187944,38322,3,0,3,0.009075693555786272,0.2039011620482697,7.828401440425865e-05
FB15k-237,97,500,124750,12323,5980,812,592,220,0.09878156312625251,0.4852714436419703,0.13578595317725753,20708500,119478,36819,111,104,7,0.0057695149334814205,0.30816552001205244,0.0030147478204188057
FB15k-237,98,500,124750,26204,5335,284,0,284,0.21005210420841683,0.20359487101205923,0.05323336457357076,20708500,329105,30445,3,0,3,0.015892266460632107,0.09250846994120418,9.853834784036788e-05
FB15k-237,99,146,10585,3997,2748,38,4,34,0.37760982522437414,0.6875156367275457,0.013828238719068414,508080,54169,22410,0,0,0,0.10661509998425445,0.41370525577359746,0.0
FB15k-237,100,500,124750,42234,17346,2963,403,2560,0.3385490981963928,0.4107117488279585,0.17081747953418655,20708500,1424416,295556,143,8,135,0.06878412246179105,0.20749275492552738,0.0004838338588964528
FB15k-237,101,500,124750,5699,1220,87,1,86,0.045683366733466936,0.21407264432356554,0.07131147540983607,20708500,14141,1159,1,0,1,0.0006828596952942028,0.08196025740753836,0.0008628127696289905
FB15k-237,102,500,124750,25632,16286,3878,3643,235,0.20546693386773546,0.6353776529338327,0.2381186294977281,20708500,633932,267458,2931,2928,3,0.030612164087210566,0.42190329562161244,0.010958729968817534
FB15k-237,103,500,124750,13447,8343,489,228,261,0.10779158316633267,0.6204357849334424,0.05861201006832075,20708500,155453,59943,101,4,97,0.007506724291957409,0.3856020790849968,0.0016849340206529537
FB15k-237,104,500,124750,13896,3415,84,0,84,0.11139078156312625,0.24575417386298215,0.02459736456808199,20708500,104554,11169,4,0,4,0.00504884467730642,0.10682518124605467,0.0003581341212284
FB15k-237,105,438,95703,24559,17208,1256,1053,203,0.25661682496891425,0.7006799951138075,0.07298930729893073,13908836,683849,316545,0,0,0,0.049166515443851665,0.46288727482236575,0.0
FB15k-237,106,500,124750,23567,13452,960,470,490,0.18891382765531062,0.5707981499554462,0.07136485280999108,20708500,557252,200652,7,0,7,0.026909336745780717,0.360074077796042,3.48862707573311e-05
FB15k-237,107,500,124750,15470,8646,882,102,780,0.12400801603206413,0.5588881706528765,0.10201249132546843,20708500,200949,74432,16,0,16,0.009703696549725959,0.37040244042020615,0.00021496130696474635
FB15k-237,108,500,124750,72581,54466,31400,109,31291,0.5818116232464929,0.7504167757402075,0.5765064443873242,20708500,5851133,3210529,8498,0,8498,0.28254740806915035,0.5487021060707388,0.0026469158197916917
FB15k-237,109,500,124750,32906,19558,5207,4950,257,0.2637755511022044,0.5943596912417188,0.2662337662337662,20708500,957800,360090,1700,1694,6,0.046251539223024364,0.3759553142618501,0.004721041961731789
FB15k-237,110,429,91806,54569,33536,31420,0,31420,0.5943947018713374,0.6145613810038667,0.9369036259541985,13067054,3380666,1301147,0,0,0,0.2587167696712664,0.38487889664344244,0.0
FB15k-237,111,130,8385,3609,2729,296,221,75,0.4304114490161002,0.7561651426988085,0.10846463906192745,357760,52358,26386,7,7,0,0.14634950805008945,0.5039535505557889,0.00026529220040930794
FB15k-237,112,500,124750,12893,2506,37,0,37,0.10335070140280561,0.19436903746218878,0.014764565043894652,20708500,92132,6487,0,0,0,0.00444899437429075,0.07040984674163157,0.0
FB15k-237,113,173,14878,6832,4969,1766,11,1755,0.4592015055787068,0.7273126463700235,0.35540350171060575,848046,139403,75705,3,0,3,0.16438141327239325,0.5430657876803225,3.962750148603131e-05
FB15k-237,114,500,124750,48958,23613,3069,864,2205,0.39244889779559117,0.4823113689284693,0.12997077880828356,20708500,1809915,479030,0,0,0,0.0873996185141367,0.2646698878124111,0.0
FB15k-237,115,500,124750,44456,24504,6073,0,6073,0.3563607214428858,0.5511966888608961,0.24783708782239636,20708500,1693358,527428,929,0,929,0.08177115677137407,0.31146869120410453,0.0017613778563140372
FB15k-237,116,500,124750,9223,5029,778,752,26,0.07393186372745492,0.5452672666160685,0.15470272419964207,20708500,84157,26443,27,27,0,0.0040638868097641065,0.31421034495050915,0.001021064175774307
FB15k-237,117,500,124750,5458,2129,231,0,231,0.04375150300601202,0.3900696225723708,0.1085016439643025,20708500,35917,8814,232,0,232,0.0017344085761885216,0.2453991146253863,0.026321760835035173
FB15k-237,118,500,124750,36058,19898,15992,0,15992,0.28904208416833665,0.5518331576903877,0.8036988642074581,20708500,1429447,536102,0,0,0,0.06902706618055388,0.375041537041947,0.0
FB15k-237,119,351,61425,24933,17081,5730,5601,129,0.4059096459096459,0.6850760036898889,0.33546045313506234,7145775,952044,541746,181,181,0,0.13323173483631937,0.5690346244501304,0.00033410491263433415
FB15k-237,120,240,28680,16784,9818,9054,0,9054,0.5852161785216179,0.5849618684461392,0.9221837441434101,2275280,546018,201957,134,0,134,0.2399783762877536,0.3698724217882927,0.0006635075783458855
FB15k-237,121,491,120295,14917,9961,200,126,74,0.12400349141693337,0.667761614265603,0.020078305391024998,19608085,230010,102194,56,0,56,0.011730365305943952,0.444302421633842,0.0005479773763626044
FB15k-237,122,473,111628,27798,14933,202,92,110,0.24902354248038128,0.5371969206417728,0.013527087658206656,17525596,739022,222450,0,0,0,0.04216815222717675,0.3010059240455629,0.0
FB15k-237,123,379,71631,19198,7771,636,480,156,0.26801245270902263,0.4047817480987603,0.08184274868099344,9001629,417194,66439,13,13,0,0.04634650017235769,0.1592520506047546,0.00019566820692665452
FB15k-237,124,500,124750,26215,17229,3459,221,3238,0.21014028056112224,0.6572191493419798,0.20076615009576876,20708500,655928,286029,1034,0,1034,0.031674336625057344,0.436067678159798,0.0036150180576095432
FB15k-237,125,86,3655,1215,948,132,9,123,0.332421340629275,0.7802469135802469,0.13924050632911392,102340,9247,5133,0,0,0,0.09035567715458276,0.5550989510111387,0.0
FB15k-237,126,310,47895,22980,12952,566,1,565,0.47979956154087067,0.5636205395996519,0.04369981470043237,4917220,893247,284664,0,0,0,0.1816569118322955,0.3186845295870011,0.0
FB15k-237,127,337,56616,31372,24462,4555,2627,1928,0.5541189769676417,0.7797398954481704,0.18620717848090917,6322120,1489641,821101,568,540,28,0.23562365155991977,0.5512073043102331,0.0006917541203822672
FB15k-237,128,500,124750,87162,65745,41340,12,41328,0.6986933867735471,0.7542851242513939,0.6287930641113393,20708500,8479222,4647714,5356,0,5356,0.40945611705338386,0.548129769452905,0.0011523944889896408
FB15k-237,129,376,70500,56242,45077,28487,153,28334,0.7977588652482269,0.8014828775648092,0.6319630853872263,8789000,4671579,2901459,2,0,2,0.5315256570713391,0.6210874310377712,6.893083789913971e-07
FB15k-237,130,500,124750,3741,1280,170,4,166,0.02998797595190381,0.3421545041432772,0.1328125,20708500,15036,2914,33,0,33,0.000726078663350798,0.19380154296355415,0.011324639670555936
FB15k-237,131,500,124750,10854,6100,74,4,70,0.08700601202404809,0.5620047908605122,0.012131147540983607,20708500,125432,49619,0,0,0,0.006057029722094792,0.39558485872823523,0.0
FB15k-237,132,240,28680,7110,6948,1311,17,1294,0.24790794979079497,0.9772151898734177,0.18868739205526772,2275280,160386,148357,0,0,0,0.07049066488520095,0.9249996882520918,0.0
FB15k-237,133,500,124750,63568,37102,7378,2888,4490,0.509563126252505,0.5836584445003775,0.19885720446337124,20708500,3289742,1172144,580,417,163,0.15885950213680372,0.3563027131002978,0.0004948197491093245
FB15k-237,134,500,124750,10748,5411,561,2,559,0.0861563126252505,0.5034425009304057,0.10367769358713731,20708500,97195,30636,345,0,345,0.004693483352246662,0.31520139924893253,0.01126126126126126
FB15k-237,135,500,124750,56853,35815,5137,2158,2979,0.45573547094188377,0.6299579617610328,0.14343152310484433,20708500,3071929,1358048,62,13,49,0.148341453992322,0.44208313408285155,4.565376186997809e-05
FB15k-237,136,500,124750,26006,17129,2645,2406,239,0.20846492985971943,0.6586556948396524,0.1544164866600502,20708500,624438,248475,324,323,1,0.03015370500036217,0.39791780769267726,0.0013039541201328101
FB15k-237,137,500,124750,11615,2054,314,0,314,0.0931062124248497,0.17684029272492466,0.1528724440116845,20708500,47395,5064,0,0,0,0.002288673733008185,0.1068467137883743,0.0
FB15k-237,138,197,19306,8845,6906,198,186,12,0.45814772609551435,0.7807801017524025,0.028670721112076455,1254890,220594,133311,0,0,0,0.1757875192247926,0.6043274069104327,0.0
FB15k-237,139,500,124750,66961,38884,32370,15,32355,0.5367615230460921,0.580696226161497,0.8324760827075404,20708500,4433071,1886125,0,0,0,0.21407011613588622,0.4254669054477133,0.0
FB15k-237,140,249,30876,7157,4503,93,25,68,0.23179816038346937,0.629174235014671,0.020652898067954697,2542124,99989,41371,0,0,0,0.039332857091156845,0.4137555131064417,0.0
FB15k-237,141,500,124750,20619,10049,1881,489,1392,0.16528256513026052,0.48736602163053494,0.18718280425913025,20708500,343044,114883,233,15,218,0.01656537170726996,0.33489290003614697,0.002028150379081326
FB15k-237,142,468,109278,37013,12325,1337,9,1328,0.338704954336646,0.332991111231189,0.10847870182555781,16974516,1005866,167368,175,0,175,0.05925741859149327,0.1663919448515011,0.0010456001147172698
FB15k-237,143,500,124750,39376,28340,3967,2079,1888,0.3156392785571142,0.7197277529459569,0.1399788285109386,20708500,1503356,769311,813,494,319,0.07259608373373252,0.5117290914460714,0.001056789776826277
FB15k-237,144,54,1431,1127,907,137,99,38,0.7875611460517121,0.8047914818101154,0.15104740904079383,24804,13260,8452,0,0,0,0.5345911949685535,0.6374057315233785,0.0
FB15k-237,145,500,124750,56588,42647,5426,3890,1536,0.4536112224448898,0.7536403477769138,0.12723052031795906,20708500,3336374,1968390,631,548,83,0.1611113310959268,0.5899788213191927,0.00032056655439216823
FB15k-237,146,142,10011,0,0,0,0,0,0.0,0.0,0.0,467180,0,0,0,0,0,0.0,0.0,0.0
FB15k-237,147,500,124750,44444,28773,4335,494,3841,0.35626452905811623,0.6473989739897399,0.15066207903242623,20708500,2237672,1039060,469,317,152,0.10805572590965062,0.46434866235980965,0.0004513695070544531
FB15k-237,148,500,124750,13182,3185,800,0,800,0.10566733466933868,0.2416173570019724,0.25117739403453687,20708500,83988,10367,1,0,1,0.004055725909650626,0.12343430013811497,9.645992090286486e-05
FB15k-237,149,110,5995,1705,1174,2,2,0,0.28440366972477066,0.6885630498533725,0.0017035775127768314,215820,18556,7684,0,0,0,0.08597905662125846,0.4140978659193792,0.0
FB15k-237,150,500,124750,11983,6497,283,72,211,0.0960561122244489,0.5421847617458065,0.04355856549176543,20708500,143533,54192,10,8,2,0.006931115242533259,0.3775577741703998,0.00018452908178328905
FB15k-237,151,500,124750,27140,14353,123,1,122,0.21755511022044088,0.5288504053058216,0.008569637009684387,20708500,769619,250987,0,0,0,0.037164401091339304,0.3261185079890179,0.0
FB15k-237,152,500,124750,1874,427,7,0,7,0.015022044088176353,0.22785485592315902,0.01639344262295082,20708500,3266,317,0,0,0,0.00015771301639423425,0.09706062461726883,0.0
FB15k-237,153,327,53301,12785,9593,577,576,1,0.23986416765163882,0.7503324208056316,0.06014802460127176,5774275,317999,236879,1,1,0,0.055071675664910315,0.744904858191378,4.22156459627067e-06
FB15k-237,154,500,124750,24396,13841,1608,127,1481,0.19555911823647296,0.5673471060829645,0.11617657683693375,20708500,556186,202538,326,1,325,0.026857860298911074,0.3641551567281449,0.001609574499600075
FB15k-237,155,435,94395,28607,20191,3721,3658,63,0.30305630594840827,0.7058062711923655,0.18429003021148035,13624345,1027444,469076,157,157,0,0.07541235927305129,0.4565465368428839,0.00033470056025036455
FB15k-237,156,380,72010,28772,14514,3892,0,3892,0.3995556172753784,0.5044487696371472,0.2681548849386799,9073260,842488,298662,24,0,24,0.09285394665203026,0.3545000047478421,8.035839845711875e-05
FB15k-237,157,500,124750,6352,2276,407,0,407,0.050917835671342684,0.3583123425692695,0.17882249560632688,20708500,33385,7410,0,0,0,0.0016121399425356737,0.2219559682492137,0.0
FB15k-237,158,299,44551,11423,8651,672,253,419,0.25640277434849945,0.7573316992033616,0.07767888105421339,4410549,233129,130931,9,3,6,0.05285713864645875,0.5616246798982537,6.873849584895862e-05
FB15k-237,159,235,27495,5130,3735,380,379,1,0.18657937806873978,0.7280701754385965,0.10174029451137885,2135445,73962,40027,0,0,0,0.034635403861958514,0.5411833103485574,0.0
FB15k-237,160,432,93096,20451,11057,286,207,79,0.21967646300592936,0.5406581585252555,0.025865967260558922,13343760,443398,129509,3,3,0,0.03322886502754846,0.29208295932773715,2.3164413284018872e-05
FB15k-237,161,500,124750,50906,21911,4399,0,4399,0.408064128256513,0.4304207755470868,0.20076673816804344,20708500,2067567,515336,51,0,51,0.09984146606465943,0.24924754554507786,9.89645590449726e-05
FB15k-237,162,500,124750,51299,42094,2044,815,1229,0.4112144288577154,0.820561804323671,0.04855798926212762,20708500,2680887,1806692,109,3,106,0.12945829007412415,0.6739157599704874,6.033125734768295e-05
FB15k-237,163,500,124750,17273,11905,135,36,99,0.13846092184368738,0.6892259595901117,0.01133977320453591,20708500,348574,193505,0,0,0,0.01683241181157496,0.5551331998370503,0.0
FB15k-237,164,110,5995,1407,1062,17,10,7,0.23469557964970808,0.7547974413646056,0.0160075329566855,215820,9254,5405,0,0,0,0.042878324529700675,0.5840717527555651,0.0
FB15k-237,165,116,6670,3539,2679,89,20,69,0.5305847076461769,0.7569935009889799,0.033221351250466595,253460,55954,28327,0,0,0,0.22076067229543123,0.506255138149194,0.0
FB15k-237,166,500,124750,70600,51067,30360,45,30315,0.565931863727455,0.723328611898017,0.5945130906456224,20708500,5512579,2807420,10756,3,10753,0.26619885554241013,0.5092752412255679,0.0038312756908478246
FB15k-237,167,153,11628,10805,9084,7793,0,7793,0.9292225662194702,0.840721888014808,0.8578819903126376,585276,452866,293308,0,0,0,0.773764856238766,0.647670613382325,0.0
FB15k-237,168,500,124750,18075,8516,2018,4,2014,0.14488977955911825,0.47114799446749656,0.23696571160169094,20708500,335634,102857,4,0,4,0.016207547625371223,0.3064558417800342,3.8888942901309586e-05
FB15k-237,169,500,124750,3853,1080,53,0,53,0.030885771543086173,0.2803010641058915,0.049074074074074076,20708500,13680,2069,2,0,2,0.0006605983050438225,0.15124269005847954,0.0009666505558240696
FB15k-237,170,500,124750,9792,7627,243,30,213,0.07849298597194389,0.7789011437908496,0.031860495607709455,20708500,91255,55846,247,0,247,0.004406644614530266,0.6119774258944716,0.00442287719800881
FB15k-237,171,500,124750,46227,38641,11410,0,11410,0.37055711422845694,0.8358967702857637,0.29528221319324033,20708500,2404785,1531031,0,0,0,0.11612550402008837,0.6366602419758939,0.0
FB15k-237,172,500,124750,29847,20106,6218,0,6218,0.23925450901803608,0.6736355412604282,0.30926091713916243,20708500,1013922,400742,16,0,16,0.04896163411159669,0.39523947601492027,3.992593738614869e-05
FB15k-237,173,299,44551,19069,13525,1317,1283,34,0.4280263069291374,0.709266348523782,0.09737523105360443,4410549,651807,312895,2,2,0,0.14778364326073692,0.4800424051904935,6.391920612345995e-06
FB15k-237,174,500,124750,13426,3710,303,2,301,0.10762324649298598,0.27632950990615224,0.0816711590296496,20708500,95799,13421,42,0,42,0.00462607141994833,0.1400954080940302,0.0031294240369570078
FB15k-237,175,56,1540,967,701,258,220,38,0.6279220779220779,0.7249224405377456,0.3680456490727532,27720,8757,4567,0,0,0,0.3159090909090909,0.5215256366335503,0.0
FB15k-237,176,500,124750,15281,3127,272,0,272,0.12249298597194389,0.20463320463320464,0.08698433002878157,20708500,103887,9536,1,0,1,0.005016635681000556,0.09179204327779221,0.00010486577181208053
FB15k-237,177,500,124750,41830,26476,3372,16,3356,0.33531062124248495,0.632942863973225,0.12736062849373017,20708500,1645077,738155,47,0,47,0.07943969867445735,0.4487054405356102,6.367226395540232e-05
FB15k-237,178,500,124750,13611,6215,535,0,535,0.1091062124248497,0.4566159723752847,0.08608205953338696,20708500,230734,67176,55,0,55,0.011141994833039574,0.29114044744164275,0.0008187447898058831
FB15k-237,179,181,16290,6464,5151,313,69,244,0.39680785758133824,0.796875,0.0607649000194137,971970,119820,68963,0,0,0,0.12327540973486836,0.5755549991654147,0.0
FB15k-237,180,500,124750,16738,7526,923,0,923,0.13417234468937875,0.4496355598040387,0.12264150943396226,20708500,315962,94794,0,0,0,0.015257599536422242,0.30001709066280124,0.0
FB15k-237,181,14,91,73,66,1,1,0,0.8021978021978022,0.9041095890410958,0.015151515151515152,364,205,164,0,0,0,0.5631868131868132,0.8,0.0
FB15k-237,182,391,76245,27874,20980,2030,12,2018,0.36558462850022955,0.7526727416230179,0.09675881792183032,9886435,1325315,667999,35,0,35,0.13405388292139683,0.5040303625930439,5.239528801689823e-05
FB15k-237,183,500,124750,19922,12138,1765,1707,58,0.1596953907815631,0.6092761770906535,0.14541110561871806,20708500,409238,164596,132,132,0,0.01976183692686578,0.4022011641147694,0.0008019635957131401
FB15k-237,184,418,87153,25143,17130,2102,2028,74,0.2884926508553922,0.6813029471423457,0.1227086981903094,12085216,735418,316685,69,69,0,0.060852698040316365,0.4306190493025735,0.00021788212261395393
FB15k-237,185,500,124750,84080,58104,11782,2802,8980,0.6739879759519039,0.6910561370123691,0.20277433567396394,20708500,7063382,3476338,3525,994,2531,0.3410861240553396,0.4921633857548693,0.001013998063479443
FB15k-237,186,500,124750,31380,23714,3738,3566,172,0.25154308617234467,0.755704270235819,0.15762840516150797,20708500,1043940,605933,61,61,0,0.050411183813409956,0.5804289518554706,0.00010067119632038525
FB15k-237,187,323,52003,22914,18369,1655,1628,27,0.44062842528315677,0.8016496465043205,0.09009744678534487,5564321,1012644,680586,0,0,0,0.18198878173994634,0.6720881178380557,0.0
FB15k-237,188,500,124750,25048,10729,95,4,91,0.20078557114228457,0.4283375918236985,0.008854506477770528,20708500,504463,111861,31,0,31,0.024360190260038148,0.22174272444163398,0.0002771296519787951
FB15k-237,189,333,55278,17208,10326,941,17,924,0.3112992510582872,0.6000697350069735,0.09112918845632384,6099006,414674,142705,0,0,0,0.06799042335751104,0.3441378046368955,0.0
FB15k-237,190,33,528,288,206,26,10,16,0.5454545454545454,0.7152777777777778,0.1262135922330097,5456,1683,851,0,0,0,0.3084677419354839,0.5056446821152704,0.0
FB15k-237,191,500,124750,18047,14062,258,1,257,0.14466533066132264,0.7791876766221533,0.018347319015787227,20708500,342113,197989,6,0,6,0.016520414322621146,0.5787239888574828,3.0304713898246874e-05
FB15k-237,192,43,903,675,429,151,134,17,0.7475083056478405,0.6355555555555555,0.351981351981352,12341,4405,1426,0,0,0,0.3569402803662588,0.32372304199772983,0.0
FB15k-237,193,498,123753,75130,48496,1816,158,1658,0.6070963936227809,0.645494476241182,0.03744638733091389,20460496,5998200,2399424,0,0,0,0.2931600485149529,0.40002400720216064,0.0
FB15k-237,194,86,3655,2548,1944,217,151,66,0.6971272229822162,0.7629513343799058,0.11162551440329219,102340,39648,21072,2,2,0,0.3874145006839945,0.5314769975786925,9.491268033409264e-05
FB15k-237,195,500,124750,68431,35406,32201,0,32201,0.5485450901803607,0.5173970861159416,0.9094786194430322,20708500,4647100,1698282,0,0,0,0.22440543738078567,0.3654498504443632,0.0
FB15k-237,196,24,276,181,104,7,5,2,0.6557971014492754,0.574585635359116,0.0673076923076923,2024,625,194,0,0,0,0.30879446640316205,0.3104,0.0
FB15k-237,197,306,46665,16674,15502,6554,0,6554,0.3573127611700418,0.9297109271920355,0.4227841568829828,4728720,543445,445172,0,0,0,0.11492433470368303,0.8191666129967154,0.0
FB15k-237,198,372,69006,34825,25622,4605,783,3822,0.5046662609048489,0.7357358219669777,0.17972835844196394,8510740,1632333,885916,166,122,44,0.19179683552781543,0.5427299454216756,0.00018737668131064346
FB15k-237,199,27,351,193,152,10,7,3,0.5498575498575499,0.7875647668393783,0.06578947368421052,2925,660,305,0,0,0,0.22564102564102564,0.4621212121212121,0.0
FB15k-237,200,239,28441,14893,7584,1537,0,1537,0.5236454414401744,0.5092325253474786,0.20266350210970463,2246839,431930,108105,1,0,1,0.1922389632724018,0.2502836107702637,9.250265945145923e-06
FB15k-237,201,133,8778,8464,7703,393,190,203,0.9642287537024379,0.9100897920604915,0.05101908347397118,383306,330724,250971,2,2,0,0.8628197836715313,0.7588533036610587,7.969048216726235e-06
FB15k-237,202,121,7260,2042,1368,29,10,19,0.281267217630854,0.6699314397649363,0.021198830409356724,287980,20847,8176,0,0,0,0.07239044378081812,0.39219072288578694,0.0
FB15k-237,203,500,124750,24194,18104,1298,19,1279,0.19393987975951904,0.7482846986856245,0.07169686257180734,20708500,597189,310526,0,0,0,0.02883786850810054,0.519979436995658,0.0
FB15k-237,204,78,3003,1513,1439,548,0,548,0.5038295038295039,0.9510905485789821,0.38082001389854064,76076,15927,13291,270,0,270,0.20935643304064358,0.834494882903246,0.02031449853284177
FB15k-237,205,411,84255,53509,42709,6235,2028,4207,0.635083971277669,0.7981647947074324,0.14598796506591116,11486765,4195190,2751852,135,134,1,0.365219450384856,0.6559540807448531,4.905787084479834e-05
FB15k-237,206,500,124750,65225,36256,30294,4,30290,0.5228456913827655,0.5558604829436565,0.8355582524271845,20708500,4234803,1765398,0,0,0,0.20449588333293092,0.41687842386056684,0.0
FB15k-237,207,113,6328,1760,1279,48,48,0,0.2781289506953224,0.7267045454545454,0.03752931978107897,234136,15445,10406,0,0,0,0.06596593432876618,0.673745548721269,0.0
FB15k-237,208,334,55611,47514,39471,26272,75,26197,0.8543993094891299,0.8307235762091173,0.6656025943097464,6154284,3899956,2626286,0,0,0,0.633697762404205,0.673414264160929,0.0
FB15k-237,209,67,2211,2006,1490,131,0,131,0.9072817729534147,0.7427716849451645,0.08791946308724832,47905,34124,16248,0,0,0,0.7123264794906586,0.47614582112296333,0.0
FB15k-237,210,166,13695,5241,4765,423,0,423,0.3826944140197152,0.9091776378553711,0.08877229800629591,748660,128098,99671,0,0,0,0.17110303742686933,0.7780839669627941,0.0
FB15k-237,211,153,11628,5316,3219,298,11,287,0.45717234262125905,0.6055304740406321,0.0925753339546443,585276,90527,30988,0,0,0,0.15467403413090577,0.3423067151236648,0.0
FB15k-237,212,242,29161,14711,8222,1042,36,1006,0.504475155173005,0.5589015022772076,0.1267331549501338,2332880,467988,150646,0,0,0,0.20060526045060184,0.321901416275631,0.0
FB15k-237,213,362,65341,55317,46375,32337,53,32284,0.8465894308320963,0.838349874360504,0.6972938005390835,7840920,4803441,3186887,0,0,0,0.6126119128877734,0.6634591743710394,0.0
FB15k-237,214,108,5778,2616,1771,64,37,27,0.45275181723779856,0.6769877675840978,0.03613777526821005,204156,35497,15743,0,0,0,0.17387194106467604,0.44350226779727864,0.0
FB15k-237,215,158,12403,6470,3916,647,7,640,0.5216479883899057,0.6052550231839258,0.16521961184882533,644956,132235,46614,0,0,0,0.20502949038384014,0.35250879116724015,0.0
FB15k-237,216,78,3003,911,396,9,0,9,0.30336330336330336,0.43468715697036225,0.022727272727272728,76076,3953,829,0,0,0,0.0519611966980388,0.2097141411586137,0.0
FB15k-237,217,282,39621,19740,14243,3247,0,3247,0.498220640569395,0.7215298885511652,0.22797163518921576,3697960,723163,335475,727,0,727,0.19555728023018096,0.4638995634455856,0.0021670765332737164
FB15k-237,218,500,124750,20805,11711,1170,4,1166,0.16677354709418837,0.5628935352078828,0.09990607121509691,20708500,427848,167168,0,0,0,0.020660501726344253,0.39071819898655596,0.0
FB15k-237,219,500,124750,54296,29769,20374,10,20364,0.4352384769539078,0.5482724325917194,0.6844032382679969,20708500,2732516,1080682,0,0,0,0.13195142091411738,0.395489724488347,0.0
FB15k-237,220,198,19503,8699,7507,2641,0,2641,0.44603394349587244,0.8629727554891367,0.35180498201678434,1274196,208873,146178,0,0,0,0.163925330168985,0.6998415304993943,0.0
FB15k-237,221,500,124750,52927,35508,2322,361,1961,0.42426452905811624,0.6708863151132692,0.06539371409259885,20708500,2615613,1056960,0,0,0,0.12630625105632953,0.40409647757523764,0.0
FB15k-237,222,500,124750,24424,23096,205,116,89,0.19578356713426853,0.9456272518833934,0.008875995843436093,20708500,808828,698294,0,0,0,0.03905777820701644,0.8633405371723036,0.0
FB15k-237,223,215,23005,10511,7525,583,517,66,0.4569006737665725,0.7159166587384644,0.0774750830564784,1633355,266494,126708,1,1,0,0.1631574275035127,0.4754628622032766,7.892161505193042e-06
FB15k-237,224,126,7875,1772,1035,1,0,1,0.225015873015873,0.5840857787810384,0.000966183574879227,325500,16359,5299,0,0,0,0.050258064516129033,0.32391955498502356,0.0
FB15k-237,225,191,18145,9999,7806,1785,6,1779,0.5510608983190962,0.7806780678067807,0.22867025365103766,1143135,280550,166943,0,0,0,0.24542158187790594,0.5950561397255392,0.0
FB15k-237,226,267,35511,17389,17233,8,8,0,0.4896792543155642,0.9910288113174995,0.00046422561364823305,3136805,892741,858983,0,0,0,0.28460200745663183,0.9621861211706418,0.0
FB15k-237,227,93,4278,1008,766,20,15,5,0.23562412342215988,0.7599206349206349,0.02610966057441253,129766,5313,3112,0,0,0,0.04094292803970223,0.585733107472238,0.0
FB15k-237,228,15,105,38,37,0,0,0,0.3619047619047619,0.9736842105263158,0.0,455,66,52,0,0,0,0.14505494505494507,0.7878787878787878,0.0
FB15k-237,229,72,2556,630,358,2,0,2,0.24647887323943662,0.5682539682539682,0.00558659217877095,59640,2546,853,0,0,0,0.042689470154258884,0.3350353495679497,0.0
FB15k-237,230,159,12561,10152,6312,486,396,90,0.8082159063768808,0.6217494089834515,0.07699619771863118,657359,324359,119200,4,4,0,0.49342748787192386,0.36749404209533265,3.355704697986577e-05
FB15k-237,231,500,124750,37995,7030,1142,0,1142,0.30456913827655313,0.18502434530859324,0.1624466571834993,20708500,696245,55331,0,0,0,0.03362121834029505,0.07947058865772824,0.0
FB15k-237,232,145,10440,9214,6708,1001,10,991,0.8825670498084291,0.7280225743433905,0.14922480620155038,497640,327881,166681,0,0,0,0.6588718752511856,0.5083582153281221,0.0
FB15k-237,233,268,35778,14457,8238,606,0,606,0.4040751299681368,0.569827765096493,0.07356154406409322,3172316,401225,118981,0,0,0,0.12647699661698267,0.296544332980248,0.0
FB15k-237,234,500,124750,68071,40493,34858,7,34851,0.5456593186372746,0.5948641859235211,0.8608401452102833,20708500,4363496,1860904,0,0,0,0.21071038462467104,0.4264708848134615,0.0
FB15k-237,235,500,124750,51944,35925,2540,5,2535,0.41638476953907816,0.6916101955952564,0.07070285316631872,20708500,2621629,1267494,0,0,0,0.1265967597846295,0.48347573207345507,0.0
FB15k-237,236,249,30876,17693,12588,945,598,347,0.5730340717709548,0.7114678121290906,0.07507149666348904,2542124,689826,314586,2,2,0,0.27135812415130023,0.4560367396995764,6.357562002123425e-06
KG20C,0,500,124750,425,413,15,15,0,0.003406813627254509,0.971764705882353,0.03631961259079903,20708500,207,201,0,0,0,9.995895405268368e-06,0.9710144927536232,0.0
KG20C,1,500,124750,114,113,7,7,0,0.0009138276553106213,0.9912280701754386,0.061946902654867256,20708500,15,15,0,0,0,7.243402467585774e-07,1.0,0.0
KG20C,2,500,124750,459,453,6,6,0,0.00367935871743487,0.9869281045751634,0.013245033112582781,20708500,151,149,0,0,0,7.291691817369679e-06,0.9867549668874173,0.0
KG20C,3,500,124750,97,66,0,0,0,0.0007775551102204409,0.6804123711340206,0.0,20708500,14,5,0,0,0,6.760508969746723e-07,0.35714285714285715,0.0
KG20C,4,500,124750,775,493,6,0,6,0.006212424849699399,0.6361290322580645,0.012170385395537525,20708500,476,226,0,0,0,2.2985730497138857e-05,0.47478991596638653,0.0
WN18RR,0,500,124750,2333,2226,322,299,23,0.018701402805611222,0.9541363051864552,0.14465408805031446,20708500,7384,7158,14,11,3,0.0003565685588043557,0.9693932827735645,0.0019558535903883767
WN18RR,1,500,124750,576,576,38,34,4,0.004617234468937876,1.0,0.06597222222222222,20708500,474,474,1,1,0,2.2889151797571045e-05,1.0,0.002109704641350211
WN18RR,2,500,124750,1054,986,301,7,294,0.008448897795591182,0.9354838709677419,0.3052738336713996,20708500,1319,1245,0,0,0,6.369365236497091e-05,0.9438968915845337,0.0
WN18RR,3,500,124750,4705,4678,517,463,54,0.037715430861723444,0.9942614240170032,0.11051731509191963,20708500,38916,38868,27,27,0,0.0018792283361904532,0.9987665741597287,0.0006946588453226305
WN18RR,4,500,124750,2336,2308,272,195,77,0.01872545090180361,0.988013698630137,0.11785095320623917,20708500,9630,9581,17,15,2,0.00046502643841900667,0.9949117341640706,0.0017743450579271475
WN18RR,5,500,124750,7353,6467,631,521,110,0.05894188376753507,0.8795049639602883,0.0975722900881398,20708500,59064,50815,14,3,11,0.0028521621556365745,0.8603379385073818,0.00027550920003935846
WN18RR,6,500,124750,1556,1519,107,83,24,0.012472945891783566,0.9762210796915167,0.07044107965766952,20708500,3507,3481,6,1,5,0.00016935074969215538,0.99258625605931,0.0017236426314277506
WN18RR,7,307,46971,3730,3578,139,36,103,0.07941070021928424,0.9592493297587131,0.038848518725545,4775385,22247,21426,13,0,13,0.004658681970144816,0.9630961477952084,0.0006067394754037151
WN18RR,8,439,96141,4564,4395,150,83,67,0.0474719422514848,0.9629710780017529,0.034129692832764506,14004539,25540,25015,5,0,5,0.0018236944464933833,0.9794440093970243,0.0001998800719568259
WN18RR,9,500,124750,15660,15657,1923,1638,285,0.1255310621242485,0.999808429118774,0.12282046369036213,20708500,299469,299468,33,11,22,0.014461163290436294,0.9999966607562052,0.00011019541319940695
WN18RR,10,6,15,7,7,5,0,5,0.4666666666666667,1.0,0.7142857142857143,20,2,2,0,0,0,0.1,1.0,0.0
YAGO3-10,0,500,124750,1072,379,87,59,28,0.008593186372745492,0.353544776119403,0.22955145118733508,20708500,972,213,0,0,0,4.6937247989955815e-05,0.2191358024691358,0.0
YAGO3-10,1,500,124750,56,8,0,0,0,0.00044889779559118237,0.14285714285714285,0.0,20708500,2,0,0,0,0,9.657869956781032e-08,0.0,0.0
YAGO3-10,2,500,124750,34,5,0,0,0,0.0002725450901803607,0.14705882352941177,0.0,20708500,0,0,0,0,0,0.0,0.0,0.0
YAGO3-10,3,500,124750,6719,3107,722,677,45,0.053859719438877754,0.46242000297663344,0.23237850016092693,20708500,34087,8851,19,19,0,0.0016460390660839753,0.2596591075776689,0.0021466500960343462
YAGO3-10,4,500,124750,912,298,29,24,5,0.00731062124248497,0.3267543859649123,0.09731543624161074,20708500,625,118,0,0,0,3.0180843614940724e-05,0.1888,0.0
YAGO3-10,5,500,124750,8186,4170,543,438,105,0.0656192384769539,0.5094063034449059,0.1302158273381295,20708500,54071,18039,24,17,7,0.002611053432165536,0.33361691109837066,0.0013304506901712955
YAGO3-10,6,500,124750,805,525,13,7,6,0.006452905811623246,0.6521739130434783,0.024761904761904763,20708500,454,100,0,0,0,2.192336480189294e-05,0.22026431718061673,0.0
YAGO3-10,7,500,124750,1635,224,171,0,171,0.0131062124248497,0.13700305810397553,0.7633928571428571,20708500,615,24,0,0,0,2.9697950117101674e-05,0.03902439024390244,0.0
YAGO3-10,8,500,124750,3291,1264,64,35,29,0.02638076152304609,0.38407778790641145,0.05063291139240506,20708500,8120,1779,1,0,1,0.0003921095202453099,0.21908866995073892,0.0005621135469364812
YAGO3-10,9,500,124750,3003,465,36,0,36,0.024072144288577155,0.15484515484515485,0.07741935483870968,20708500,3995,221,1,0,1,0.00019291595238670112,0.05531914893617021,0.004524886877828055
YAGO3-10,10,500,124750,535,61,3,0,3,0.004288577154308617,0.11401869158878504,0.04918032786885246,20708500,94,3,0,0,0,4.539198879687085e-06,0.031914893617021274,0.0
YAGO3-10,11,64,2016,895,705,326,213,113,0.4439484126984127,0.7877094972067039,0.4624113475177305,41664,5771,3114,19,13,6,0.1385128648233487,0.5395945243458673,0.0061014771997430954
YAGO3-10,12,500,124750,4646,2120,102,22,80,0.03724248496993988,0.45630650021523894,0.048113207547169815,20708500,18594,5058,50,0,50,0.0008978921698819326,0.27202323330106487,0.009885330170027679
YAGO3-10,13,245,29890,6693,4801,528,8,520,0.22392104382736702,0.7173165994322427,0.10997708810664444,2421090,95567,48517,11,0,11,0.03947271683415321,0.5076752435464125,0.00022672465321433725
YAGO3-10,14,500,124750,573,103,2,1,1,0.004593186372745491,0.17975567190226877,0.019417475728155338,20708500,133,11,0,0,0,6.422483521259387e-06,0.08270676691729323,0.0
YAGO3-10,15,500,124750,1487,314,9,7,2,0.011919839679358717,0.21116341627437793,0.028662420382165606,20708500,1395,65,0,0,0,6.73636429485477e-05,0.04659498207885305,0.0
YAGO3-10,16,500,124750,6548,3299,227,161,66,0.05248897795591182,0.5038179596823458,0.06880872991815702,20708500,36988,11616,1,0,1,0.0017861264698070842,0.314047799286255,8.608815426997245e-05
YAGO3-10,17,500,124750,3386,2461,387,340,47,0.027142284569138277,0.7268163024217366,0.1572531491263714,20708500,11471,6788,15,15,0,0.000553927131371176,0.5917531165547903,0.00220978196817914
YAGO3-10,18,487,118341,3116,2196,336,324,12,0.026330688434270454,0.7047496790757382,0.15300546448087432,19131795,9734,5558,7,7,0,0.0005087865513925902,0.5709882884733922,0.0012594458438287153
YAGO3-10,19,500,124750,2966,2159,522,494,28,0.02377555110220441,0.7279163857046528,0.24177860120426123,20708500,8631,4811,31,31,0,0.00041678537798488544,0.5574093384312362,0.006443566826023696
YAGO3-10,20,63,1953,396,224,17,16,1,0.20276497695852536,0.5656565656565656,0.07589285714285714,39711,961,294,0,0,0,0.02419984387197502,0.3059313215400624,0.0
YAGO3-10,21,491,120295,22778,16346,2200,2,2198,0.18935117835321502,0.7176222670998331,0.13458950201884254,19608085,523383,265798,117,0,117,0.026692203751666723,0.5078460706595361,0.0004401838990511592
YAGO3-10,22,500,124750,19829,12383,3933,2933,1000,0.1589498997995992,0.624489384235211,0.3176128563352984,20708500,339899,147573,503,119,384,0.01641350170219958,0.434167208494288,0.003408482581502036
YAGO3-10,23,500,124750,3013,2106,515,484,31,0.024152304609218436,0.6989711251244607,0.24453941120607786,20708500,8854,4837,4,4,0,0.00042755390298669627,0.5463067540094872,0.0008269588587967748
YAGO3-10,24,77,2926,589,413,19,0,19,0.2012987012987013,0.7011884550084889,0.04600484261501211,73150,2339,1131,0,0,0,0.03197539302802461,0.483539974348012,0.0
YAGO3-10,25,500,124750,15980,7124,1969,1434,535,0.12809619238476955,0.4458072590738423,0.27638966872543513,20708500,162889,42367,139,48,91,0.007865803896950527,0.26009736691857643,0.0032808553827271226
YAGO3-10,26,351,61425,9685,5780,1500,872,628,0.15767195767195769,0.5967991739803821,0.25951557093425603,7145775,103488,38795,474,157,317,0.01448240393799133,0.37487438157081016,0.012218069338832323
YAGO3-10,27,152,11476,1326,905,107,54,53,0.11554548623213663,0.6825037707390649,0.11823204419889503,573800,5786,2456,4,4,0,0.01008365284071105,0.4244728655375043,0.0016286644951140066
YAGO3-10,28,500,124750,11937,5687,381,45,336,0.095687374749499,0.47641786043394485,0.06699490065060665,20708500,101024,28760,53,0,53,0.004878383272569235,0.2846848273677542,0.001842837273991655
YAGO3-10,29,500,124750,12632,6267,1139,749,390,0.10125851703406813,0.49612096263457883,0.18174565182703048,20708500,126881,36869,56,23,33,0.006127000989931671,0.2905793617641727,0.0015188912094171254
YAGO3-10,30,122,7381,2957,1573,485,434,51,0.4006232217856659,0.5319580656070342,0.3083280356007629,295240,36192,12471,93,89,4,0.12258501558054465,0.3445789124668435,0.0074573009381765695
YAGO3-10,31,500,124750,22632,15575,1047,327,720,0.1814188376753507,0.6881848709791446,0.067223113964687,20708500,480138,233580,466,0,466,0.023185551826544654,0.486485135523537,0.0019950338213888174
YAGO3-10,32,500,124750,17254,13394,1287,8,1279,0.13830861723446894,0.7762837602874696,0.09608780050769002,20708500,299282,184629,115,0,115,0.014452133182026703,0.6169064628009703,0.0006228707299503328
YAGO3-10,33,212,22366,3605,3203,22,16,6,0.16118215147992487,0.8884882108183079,0.006868560724320949,1565620,45744,31558,0,0,0,0.029217817861294567,0.689882826162994,0.0
YAGO3-10,34,69,2346,624,532,6,4,2,0.2659846547314578,0.8525641025641025,0.011278195488721804,52394,3657,2808,0,0,0,0.0697980684811238,0.7678424938474159,0.0
YAGO3-10,35,3,3,3,3,0,0,0,1.0,1.0,0.0,1,1,1,0,0,0,1.0,1.0,0.0
YAGO3-10,36,2,1,1,1,0,0,0,1.0,1.0,0.0,0,0,0,0,0,0,0.0,0.0,0.0
codex-l,0,500,124750,1825,504,143,61,82,0.014629258517034067,0.27616438356164386,0.2837301587301587,20708500,1722,215,4,0,4,8.315426032788468e-05,0.1248548199767712,0.018604651162790697
codex-l,1,500,124750,5092,2297,368,181,187,0.04081763527054108,0.4510997643362137,0.16020896821941663,20708500,20873,5144,15,8,7,0.0010079435980394525,0.2464427729602836,0.00291601866251944
codex-l,2,500,124750,361,44,9,1,8,0.0028937875751503007,0.12188365650969529,0.20454545454545456,20708500,47,0,0,0,0,2.2695994398435423e-06,0.0,0.0
codex-l,3,500,124750,3752,2324,278,251,27,0.030076152304609218,0.6194029850746269,0.11962134251290878,20708500,12838,5245,4,4,0,0.0006199386725257744,0.4085527340707275,0.0007626310772163965
codex-l,4,500,124750,3635,1872,297,156,141,0.02913827655310621,0.5149931224209079,0.15865384615384615,20708500,11730,3125,7,3,4,0.0005664340729652075,0.26641091219096336,0.00224
codex-l,5,500,124750,957,268,21,15,6,0.007671342685370741,0.2800417972831766,0.07835820895522388,20708500,786,110,0,0,0,3.7955428930149454e-05,0.13994910941475827,0.0
codex-l,6,500,124750,885,279,26,9,17,0.007094188376753507,0.3152542372881356,0.0931899641577061,20708500,596,77,0,0,0,2.8780452471207477e-05,0.12919463087248323,0.0
codex-l,7,500,124750,3255,621,149,13,136,0.026092184368737475,0.19078341013824884,0.23993558776167473,20708500,4219,421,0,0,0,0.00020373276673829588,0.09978667930789287,0.0
codex-l,8,500,124750,3207,2117,410,174,236,0.02570741482965932,0.660118490801372,0.19367028814359943,20708500,8737,4638,44,0,44,0.0004219040490619794,0.5308458280874442,0.009486847779215178
codex-l,9,500,124750,2841,889,173,36,137,0.022773547094188377,0.312917986624428,0.19460067491563554,20708500,4462,577,2,1,1,0.00021546707873578482,0.12931420887494396,0.0034662045060658577
codex-l,10,500,124750,5367,1541,229,41,188,0.04302204408817635,0.28712502329047884,0.14860480207657364,20708500,17157,1951,12,0,12,0.0008285003742424608,0.11371451885527772,0.006150691952844695
codex-l,11,500,124750,8319,3494,895,29,866,0.06668537074148297,0.4200024041351124,0.25615340583858043,20708500,55710,12712,274,0,274,0.0026901996764613564,0.2281816549991025,0.021554436752674638
codex-l,12,500,124750,6606,1916,268,121,147,0.052953907815631265,0.2900393581592492,0.13987473903966596,20708500,26094,4437,1,0,1,0.0012600622932612212,0.1700390894458496,0.000225377507324769
codex-l,13,500,124750,4495,2269,325,276,49,0.03603206412825651,0.5047830923248053,0.14323490524460114,20708500,15694,4632,9,9,0,0.0007578530555086075,0.2951446412641774,0.0019430051813471502
codex-l,14,500,124750,2918,1884,73,27,46,0.023390781563126253,0.6456477039067855,0.038747346072186835,20708500,11989,5681,58,8,50,0.0005789410145592389,0.47385103011093505,0.010209470163703573
codex-l,15,8,28,21,15,12,0,12,0.75,0.7142857142857143,0.8,56,27,13,0,0,0,0.48214285714285715,0.48148148148148145,0.0
codex-l,16,500,124750,3429,1546,209,159,50,0.02748697394789579,0.45086030912802566,0.1351875808538163,20708500,11241,2782,1,0,1,0.0005428205809208779,0.24748687839160216,0.0003594536304816679
codex-l,17,500,124750,277,56,0,0,0,0.002220440881763527,0.20216606498194944,0.0,20708500,103,5,0,0,0,4.973803027742231e-06,0.04854368932038835,0.0
codex-l,18,500,124750,3776,1438,72,33,39,0.030268537074148297,0.3808262711864407,0.05006954102920723,20708500,11157,2155,0,0,0,0.0005387642755390299,0.19315228107914315,0.0
codex-l,19,500,124750,5169,2591,213,110,103,0.041434869739478956,0.5012574966144322,0.08220764183712852,20708500,24746,6423,0,0,0,0.001194968249752517,0.25955710013739597,0.0
codex-l,20,500,124750,2004,803,50,46,4,0.016064128256513027,0.40069860279441116,0.062266500622665005,20708500,3628,679,0,0,0,0.00017519376101600792,0.18715545755237045,0.0
codex-l,21,392,76636,4602,1789,73,71,2,0.060050106999321465,0.3887440243372447,0.040804918949133594,9962680,21137,3971,4,4,0,0.002121617877920399,0.18786961252779485,0.001007302946361118
codex-l,22,119,7021,1624,1123,306,284,22,0.2313060817547358,0.6915024630541872,0.27248441674087265,273819,10622,5685,26,26,0,0.038792048762138494,0.535209941630578,0.004573438874230431
codex-l,23,500,124750,2771,251,47,0,47,0.0222124248496994,0.09058101768314687,0.18725099601593626,20708500,1906,76,0,0,0,9.203950068812324e-05,0.03987408184679958,0.0
codex-l,24,500,124750,4597,1324,124,26,98,0.03684969939879759,0.28801392212312377,0.09365558912386707,20708500,13432,1304,2,0,2,0.0006486225462974141,0.09708159618820726,0.0015337423312883436
codex-l,25,500,124750,6523,2089,275,73,202,0.05228857715430862,0.32025141805917523,0.13164193393968407,20708500,28501,5764,19,1,18,0.001376294758191081,0.20223851794673872,0.003296321998612075
codex-l,26,500,124750,15058,7237,640,445,195,0.12070541082164328,0.48060831451720015,0.0884344341578002,20708500,213244,62154,26,16,10,0.010297414105319072,0.2914689276134381,0.0004183157962480291
codex-l,27,52,1326,502,275,74,64,10,0.37858220211161386,0.547808764940239,0.2690909090909091,22100,1907,551,0,0,0,0.086289592760181,0.28893550078657576,0.0
codex-l,28,500,124750,15119,9460,1204,318,886,0.1211943887775551,0.6257027581189232,0.12727272727272726,20708500,246611,108799,186,13,173,0.011908684839558635,0.4411765898520342,0.0017095745365306666
codex-l,29,500,124750,7765,4190,456,288,168,0.06224448897795591,0.5396007726980039,0.10883054892601432,20708500,54386,19817,10,9,1,0.002626264577347466,0.3643768616923473,0.0005046172478175305
codex-l,30,149,11026,4899,2980,468,414,54,0.4443134409577363,0.6082874055929781,0.15704697986577182,540274,77183,30940,8,8,0,0.1428589937698279,0.4008654755580892,0.0002585649644473174
codex-l,31,500,124750,7538,2867,344,83,261,0.0604248496993988,0.3803396126293447,0.11998604813393791,20708500,40514,8283,8,2,6,0.001956394717145134,0.20444784518931727,0.0009658336351563443
codex-l,32,213,22578,1115,768,19,14,5,0.049384356453184515,0.6887892376681615,0.024739583333333332,1587986,2717,1310,0,0,0,0.0017109722629796485,0.48214942951785056,0.0
codex-l,33,131,8515,1901,1134,239,75,164,0.22325308279506753,0.5965281430825881,0.21075837742504408,366145,12183,5151,2,0,2,0.0332737030411449,0.42280226545185917,0.00038827412152980003
codex-l,34,131,8515,2331,1358,204,24,180,0.2737522019964768,0.5825825825825826,0.15022091310751104,366145,20634,6884,0,0,0,0.056354722855699244,0.33362411553746246,0.0
codex-l,35,109,5886,1895,1296,245,233,12,0.3219503907577302,0.6839050131926121,0.18904320987654322,209934,14592,7303,9,9,0,0.06950755951870588,0.5004797149122807,0.0012323702587977543
codex-l,36,155,11935,2394,2097,539,155,384,0.20058651026392962,0.8759398496240601,0.257033857892227,608685,20500,16054,48,4,44,0.033679160813885674,0.7831219512195122,0.0029899090569328515
codex-l,37,400,79800,5049,2787,431,74,357,0.06327067669172932,0.5519904931669638,0.15464657337639037,10586800,27860,9866,24,0,24,0.002631578947368421,0.3541277817659727,0.002432596797080884
codex-l,38,127,8001,1074,567,75,35,40,0.13423322084739409,0.5279329608938548,0.13227513227513227,333375,4326,1271,0,0,0,0.012976377952755906,0.2938049006010171,0.0
codex-l,39,177,15576,1953,1231,73,45,28,0.12538520801232667,0.6303123399897593,0.059301380991064176,908600,10440,3975,0,0,0,0.011490204710543694,0.3807471264367816,0.0
codex-l,40,188,17578,670,519,84,83,1,0.03811582660143361,0.7746268656716417,0.16184971098265896,1089836,1281,816,0,0,0,0.0011754062079065107,0.6370023419203747,0.0
codex-l,41,38,703,191,156,26,0,26,0.2716927453769559,0.8167539267015707,0.16666666666666666,8436,561,354,0,0,0,0.06650071123755334,0.6310160427807486,0.0
codex-l,42,1,0,0,0,0,0,0,0.0,0.0,0.0,0,0,0,0,0,0,0.0,0.0,0.0
codex-l,43,51,1275,371,260,53,49,4,0.2909803921568627,0.7008086253369272,0.20384615384615384,20825,1243,516,0,0,0,0.05968787515006002,0.415124698310539,0.0
codex-l,44,500,124750,28267,19562,3351,124,3227,0.22658917835671344,0.6920437258994587,0.1713015029138125,20708500,887638,475521,255,0,255,0.04286346186348601,0.535715009947749,0.0005362539193852638
codex-l,45,7,21,15,14,1,1,0,0.7142857142857143,0.9333333333333333,0.07142857142857142,35,19,13,0,0,0,0.5428571428571428,0.6842105263157895,0.0
codex-l,46,79,3081,334,313,40,20,20,0.10840636157091853,0.937125748502994,0.12779552715654952,79079,681,610,0,0,0,0.008611641523033928,0.895741556534508,0.0
codex-l,47,61,1830,371,147,4,0,4,0.20273224043715846,0.39622641509433965,0.027210884353741496,35990,898,161,0,0,0,0.02495137538205057,0.17928730512249444,0.0
codex-l,48,500,124750,10174,9729,390,231,159,0.08155511022044089,0.9562610575977983,0.040086339808818996,20708500,152486,137339,5,0,5,0.007363449791148562,0.9006662906758653,3.640626479004507e-05
codex-l,49,30,435,81,81,8,4,4,0.18620689655172415,1.0,0.09876543209876543,4060,105,103,0,0,0,0.02586206896551724,0.9809523809523809,0.0
codex-l,50,79,3081,945,252,1,0,1,0.30671859785783834,0.26666666666666666,0.003968253968253968,79079,3426,359,0,0,0,0.04332376484275218,0.10478692352597782,0.0
codex-l,51,28,378,127,86,5,2,3,0.335978835978836,0.6771653543307087,0.05813953488372093,3276,325,151,0,0,0,0.0992063492063492,0.4646153846153846,0.0
codex-l,52,25,300,129,122,3,3,0,0.43,0.9457364341085271,0.02459016393442623,2300,491,471,0,0,0,0.21347826086956523,0.9592668024439919,0.0
codex-l,53,3,3,3,1,1,0,1,1.0,0.3333333333333333,1.0,1,1,0,0,0,0,1.0,0.0,0.0
codex-l,54,28,378,192,156,29,0,29,0.5079365079365079,0.8125,0.1858974358974359,3276,591,355,0,0,0,0.1804029304029304,0.6006768189509306,0.0
codex-l,55,102,5151,272,245,11,9,2,0.052805280528052806,0.9007352941176471,0.044897959183673466,171700,361,316,0,0,0,0.002102504368083867,0.8753462603878116,0.0
codex-l,56,42,861,217,131,14,0,14,0.25203252032520324,0.6036866359447005,0.10687022900763359,11480,607,231,0,0,0,0.052874564459930315,0.3805601317957166,0.0
codex-l,57,26,325,87,85,2,2,0,0.2676923076923077,0.9770114942528736,0.023529411764705882,2600,160,145,0,0,0,0.06153846153846154,0.90625,0.0
codex-l,58,13,78,67,67,1,1,0,0.8589743589743589,1.0,0.014925373134328358,286,220,188,0,0,0,0.7692307692307693,0.8545454545454545,0.0
codex-l,59,13,78,40,30,3,0,3,0.5128205128205128,0.75,0.1,286,62,28,0,0,0,0.21678321678321677,0.45161290322580644,0.0
codex-l,60,9,36,26,24,1,1,0,0.7222222222222222,0.9230769230769231,0.041666666666666664,84,38,28,0,0,0,0.4523809523809524,0.7368421052631579,0.0
codex-l,61,6,15,15,15,3,3,0,1.0,1.0,0.2,20,20,20,0,0,0,1.0,1.0,0.0
codex-l,62,1,0,0,0,0,0,0,0.0,0.0,0.0,0,0,0,0,0,0,0.0,0.0,0.0
codex-l,63,0,0,0,0,0,0,0,0.0,0.0,0.0,0,0,0,0,0,0,0.0,0.0,0.0
codex-l,64,9,36,20,17,0,0,0,0.5555555555555556,0.85,0.0,84,20,14,0,0,0,0.23809523809523808,0.7,0.0
codex-l,65,0,0,0,0,0,0,0,0.0,0.0,0.0,0,0,0,0,0,0,0.0,0.0,0.0
codex-l,66,0,0,0,0,0,0,0,0.0,0.0,0.0,0,0,0,0,0,0,0.0,0.0,0.0
codex-l,67,0,0,0,0,0,0,0,0.0,0.0,0.0,0,0,0,0,0,0,0.0,0.0,0.0
codex-l,68,0,0,0,0,0,0,0,0.0,0.0,0.0,0,0,0,0,0,0,0.0,0.0,0.0
codex-m,0,500,124750,982,328,20,19,1,0.007871743486973948,0.3340122199592668,0.06097560975609756,20708500,865,122,0,0,0,4.1770287563077966e-05,0.14104046242774568,0.0
codex-m,1,500,124750,1716,218,50,1,49,0.013755511022044089,0.12703962703962704,0.22935779816513763,20708500,1282,81,0,0,0,6.190694642296642e-05,0.06318252730109204,0.0
codex-m,2,500,124750,146,32,1,0,1,0.0011703406813627255,0.2191780821917808,0.03125,20708500,15,1,0,0,0,7.243402467585774e-07,0.06666666666666667,0.0
codex-m,3,500,124750,3879,1442,261,65,196,0.03109418837675351,0.3717452951791699,0.180998613037448,20708500,10821,2063,7,0,7,0.0005225390540116378,0.19064781443489512,0.0033931168201648087
codex-m,4,500,124750,1973,807,68,61,7,0.01581563126252505,0.40902179422199697,0.08426270136307311,20708500,2745,527,1,1,0,0.00013255426515681966,0.19198542805100183,0.0018975332068311196
codex-m,5,500,124750,7241,2483,276,52,224,0.058044088176352704,0.34290843806104127,0.11115585984695932,20708500,36273,5352,14,0,14,0.0017515995847115918,0.14754776279877596,0.002615844544095665
codex-m,6,500,124750,12329,6794,657,326,331,0.09882965931863727,0.5510584800064887,0.09670297321165734,20708500,146062,56589,21,20,1,0.007053239008136755,0.3874313647629089,0.00037109685627948895
codex-m,7,500,124750,886,94,19,0,19,0.007102204408817635,0.10609480812641084,0.20212765957446807,20708500,277,12,0,0,0,1.337614989014173e-05,0.04332129963898917,0.0
codex-m,8,500,124750,6462,2389,189,15,174,0.051799599198396794,0.36969978334880843,0.07911259941398074,20708500,33032,5726,7,0,7,0.0015950938020619552,0.17334705739888592,0.0012224938875305623
codex-m,9,500,124750,8376,2857,106,46,60,0.06714228456913827,0.34109360076408785,0.03710185509275464,20708500,46732,9040,1,0,1,0.002256657894101456,0.19344346486347685,0.00011061946902654867
codex-m,10,500,124750,1807,944,119,20,99,0.01448496993987976,0.5224128389596016,0.1260593220338983,20708500,2607,705,3,1,2,0.00012589033488664075,0.27042577675489066,0.00425531914893617
codex-m,11,500,124750,5643,1775,396,66,330,0.04523446893787575,0.3145489987595251,0.2230985915492958,20708500,20009,2927,52,1,51,0.0009662215998261583,0.14628417212254485,0.01776563033823027
codex-m,12,63,1953,1187,983,48,44,4,0.6077828981054787,0.8281381634372368,0.048830111902339775,39711,12172,7992,0,0,0,0.30651456775200825,0.6565888925402563,0.0
codex-m,13,500,124750,5366,2650,320,236,84,0.04301402805611222,0.49385016772269846,0.12075471698113208,20708500,24685,7125,7,6,1,0.0011920225994156988,0.2886368239821754,0.0009824561403508772
codex-m,14,500,124750,7592,2557,801,3,798,0.06085771543086172,0.3368018967334036,0.3132577238951897,20708500,40312,6304,56,0,56,0.0019466402684887847,0.15638023417344712,0.008883248730964468
codex-m,15,500,124750,6272,3627,317,237,80,0.05027655310621242,0.5782844387755102,0.08740005514199063,20708500,36105,13493,17,17,0,0.001743486973947896,0.3737155518626229,0.0012599125472467206
codex-m,16,290,41905,6363,3901,203,146,57,0.1518434554349123,0.613075593273613,0.052037938990002565,4022880,68388,24990,2,2,0,0.016999761364992243,0.3654149850851027,8.003201280512204e-05
codex-m,17,500,124750,5324,2588,154,29,125,0.04267735470941884,0.4861006761833208,0.059505409582689336,20708500,23201,6270,1,0,1,0.0011203612043363836,0.270246972113271,0.0001594896331738437
codex-m,18,500,124750,12303,5579,438,33,405,0.09862124248496994,0.4534666341542713,0.07850869331421402,20708500,130722,35484,35,0,35,0.00631248038245165,0.27144627530178544,0.0009863600495998196
codex-m,19,500,124750,29904,20236,3765,59,3706,0.23971142284569139,0.6766987693953986,0.18605455623641035,20708500,1035022,467144,44,0,44,0.04998053939203709,0.451337266261007,9.418937201376878e-05
codex-m,20,500,124750,8308,4005,618,182,436,0.06659719438877755,0.48206547905633124,0.1543071161048689,20708500,57145,15227,17,0,17,0.0027594948934012604,0.2664625076559629,0.0011164379063505615
codex-m,21,500,124750,15606,7795,629,373,256,0.12509819639278558,0.4994873766500064,0.08069275176395126,20708500,205106,59972,108,81,27,0.009904435376777652,0.29239515177517966,0.0018008403921830186
codex-m,22,500,124750,8331,3868,806,636,170,0.06678156312625251,0.4642900012003361,0.20837642192347466,20708500,54556,14526,78,64,14,0.00263447376681073,0.26625852335215194,0.0053696819496076
codex-m,23,500,124750,9716,4166,120,112,8,0.07788376753507013,0.42877727459860027,0.028804608737397985,20708500,75397,16022,15,15,0,0.0036408721056570975,0.21250182367998727,0.0009362127075271502
codex-m,24,500,124750,6850,3779,356,251,105,0.05490981963927856,0.5516788321167884,0.09420481608891242,20708500,41796,13305,1,1,0,0.0020183016635681,0.31833189778926213,7.51597143930853e-05
codex-m,25,500,124750,6388,2149,247,10,237,0.051206412825651304,0.33641202254226676,0.11493718008375989,20708500,27591,3781,0,0,0,0.0013323514498877272,0.13703743974484434,0.0
codex-m,26,185,17020,2157,1524,105,1,104,0.12673325499412455,0.7065368567454798,0.0688976377952756,1038220,12645,6029,4,0,4,0.012179499528038373,0.476789244760775,0.0006634599436059048
codex-m,27,500,124750,5857,3000,307,89,218,0.046949899799599196,0.5122076148198736,0.10233333333333333,20708500,32397,8871,6,0,6,0.0015644300649491755,0.2738216501527919,0.0006763611768684477
codex-m,28,130,8385,843,700,86,86,0,0.10053667262969589,0.830367734282325,0.12285714285714286,357760,2583,1851,4,4,0,0.00721992397137746,0.7166085946573751,0.0021609940572663426
codex-m,29,500,124750,19220,8806,2074,386,1688,0.1540681362725451,0.4581685744016649,0.23552123552123552,20708500,297946,88771,71,29,42,0.014387618610715407,0.2979432514616743,0.000799810749005869
codex-m,30,137,9316,3087,2989,514,130,384,0.33136539287247746,0.9682539682539683,0.1719638675142188,419220,43693,39315,0,0,0,0.10422451218930394,0.8998008834367061,0.0
codex-m,31,3,3,2,1,0,0,0,0.6666666666666666,0.5,0.0,1,0,0,0,0,0,0.0,0.0,0.0
codex-m,32,207,21321,3257,1940,123,36,87,0.15276018948454576,0.5956401596561253,0.0634020618556701,1456935,25269,8778,0,0,0,0.017343944650928148,0.3473821678736792,0.0
codex-m,33,7,21,17,11,6,0,6,0.8095238095238095,0.6470588235294118,0.5454545454545454,35,18,6,0,0,0,0.5142857142857142,0.3333333333333333,0.0
codex-m,34,33,528,313,239,17,2,15,0.5928030303030303,0.7635782747603834,0.07112970711297072,5456,1678,1014,0,0,0,0.30755131964809385,0.6042908224076281,0.0
codex-m,35,500,124750,29955,21592,2016,60,1956,0.24012024048096192,0.7208145551660825,0.09336791404223786,20708500,1044945,511738,1,0,1,0.05045971460994278,0.48972721052304186,1.9541249623830946e-06
codex-m,36,2,1,1,0,0,0,0,1.0,0.0,0.0,0,0,0,0,0,0,0.0,0.0,0.0
codex-m,37,89,3916,1830,1310,117,103,14,0.4673135852911134,0.7158469945355191,0.08931297709923663,113564,20371,9988,0,0,0,0.17937902856539045,0.4903048451229689,0.0
codex-m,38,30,435,267,209,3,0,3,0.6137931034482759,0.7827715355805244,0.014354066985645933,4060,1251,737,0,0,0,0.30812807881773396,0.5891286970423661,0.0
codex-m,39,477,113526,23025,21617,468,225,243,0.20281697584694255,0.9388490770901194,0.02164962760790119,17974950,730023,576971,0,0,0,0.04061335358373737,0.7903463315539373,0.0
codex-m,40,28,378,147,79,13,13,0,0.3888888888888889,0.5374149659863946,0.16455696202531644,3276,383,135,0,0,0,0.11691086691086691,0.3524804177545692,0.0
codex-m,41,111,6105,2739,1581,251,13,238,0.4486486486486487,0.5772179627601315,0.15876027830487033,221815,34222,10139,0,0,0,0.1542817212541983,0.29627140435976856,0.0
codex-m,42,30,435,406,406,1,1,0,0.9333333333333333,1.0,0.0024630541871921183,4060,3654,3654,0,0,0,0.9,1.0,0.0
codex-m,43,13,78,78,69,0,0,0,1.0,0.8846153846153846,0.0,286,282,197,0,0,0,0.986013986013986,0.6985815602836879,0.0
codex-m,44,9,36,36,36,0,0,0,1.0,1.0,0.0,84,84,78,0,0,0,1.0,0.9285714285714286,0.0
codex-m,45,11,55,55,55,0,0,0,1.0,1.0,0.0,165,165,165,0,0,0,1.0,1.0,0.0
codex-m,46,0,0,0,0,0,0,0,0.0,0.0,0.0,0,0,0,0,0,0,0.0,0.0,0.0
codex-m,47,0,0,0,0,0,0,0,0.0,0.0,0.0,0,0,0,0,0,0,0.0,0.0,0.0
codex-m,48,0,0,0,0,0,0,0,0.0,0.0,0.0,0,0,0,0,0,0,0.0,0.0,0.0
codex-m,49,0,0,0,0,0,0,0,0.0,0.0,0.0,0,0,0,0,0,0,0.0,0.0,0.0
codex-m,50,0,0,0,0,0,0,0,0.0,0.0,0.0,0,0,0,0,0,0,0.0,0.0,0.0
KG20C,ALL,2500,623750,1870,1538,34,28,6,0.002997995991983968,0.8224598930481284,0.022106631989596878,103542500,863,596,0,0,0,8.33474177270203e-06,0.6906141367323291,0.0
WN18RR,ALL,4752,1141127,43874,42397,4405,3359,1046,0.038447955398478874,0.9663354150521949,0.1038988607684506,184447944,467552,457533,130,69,61,0.0025348723865417553,0.9785713674628704,0.00028413251066043325
codex-m,ALL,15355,3593667,274242,154210,17085,4167,12918,0.07631257988010576,0.5623135770596772,0.11079048051358537,584791978,4384527,2043217,573,242,331,0.007497584038336449,0.46600625335412466,0.00028044010988553835
FB15k-237,ALL,93920,21474159,4666422,2827144,834635,93011,741624,0.21730406299031316,0.6058483351912879,0.2952219625176503,3412486019,191619558,89918377,188611,27756,160855,0.05615248148508239,0.4692546937197298,0.0020975801198013172
codex-l,ALL,17502,3910236,199515,105603,14087,4993,9094,0.05102377452409522,0.5292985489812796,0.1333958315578156,627825832,2117485,977919,1063,125,938,0.003372726785157193,0.4618304261895598,0.0010870020932203996
YAGO3-10,ALL,14338,3374419,201799,120180,18734,10188,8546,0.059802591201626114,0.5955430899062929,0.15588284240306208,547952325,2531837,1148813,2203,546,1657,0.004620542489713863,0.4537468249338326,0.0019176315031253998
