dataset,relation,selected_rules,possible_combinations,observed_combinations,support_qualified_combinations,significant_combinations,significant_positive,significant_negative,observed_over_possible,qualified_over_observed,significant_over_qualified
FB15k-237,0,500,20708500,452622,136347,738,0,738,0.02185682207789072,0.30123811922531385,0.005412660344562037
FB15k-237,1,500,20708500,236014,150552,191,189,2,0.011396962599898593,0.6378943621988526,0.001268664647430788
FB15k-237,2,500,20708500,84885,24789,13,0,13,0.004099041456406789,0.2920303940625552,0.0005244261567630804
FB15k-237,3,500,20708500,1355,410,13,1,12,6.543206895719149e-05,0.3025830258302583,0.03170731707317073
FB15k-237,4,500,20708500,1015093,580163,38237,0,38237,0.04901818094019364,0.5715367951507891,0.06590733983380533
FB15k-237,5,500,20708500,1049600,597996,30217,0,30217,0.050684501533186856,0.5697370426829268,0.05053043833069117
FB15k-237,6,500,20708500,1692,219,2,2,0,8.170557983436754e-05,0.12943262411347517,0.0091324200913242
FB15k-237,7,500,20708500,301,28,0,0,0,1.4535094284955452e-05,0.09302325581395349,0.0
FB15k-237,8,500,20708500,155,14,0,0,0,7.4848492165053e-06,0.09032258064516129,0.0
FB15k-237,9,500,20708500,1254,120,2,0,2,6.0554844629017074e-05,0.09569377990430622,0.016666666666666666
FB15k-237,10,500,20708500,19983,1345,1,0,1,0.0009649660767317768,0.06730721112946005,0.0007434944237918215
FB15k-237,11,500,20708500,644844,135756,1262,4,1258,0.03113909747205254,0.21052533636042206,0.009296090043902295
FB15k-237,12,500,20708500,58638,29333,79,16,63,0.002831590892628631,0.5002387530270473,0.0026932124228684416
FB15k-237,13,500,20708500,99,4,0,0,0,4.780645628606611e-06,0.04040404040404041,0.0
FB15k-237,14,500,20708500,182055,34903,204,4,200,0.008791317574908853,0.19171678888248056,0.0058447697905624155
FB15k-237,15,500,20708500,58171,20662,88,20,68,0.002809039766279547,0.35519416891578276,0.004259026231729746
FB15k-237,16,404,10908404,6261259,3955082,13159,13158,1,0.5739848835815029,0.6316751950366531,0.0033271118019803383
FB15k-237,17,500,20708500,8143,793,6,0,6,0.0003932201752903397,0.0973842564165541,0.007566204287515763
FB15k-237,18,500,20708500,130606,20977,93,0,93,0.006306878817876717,0.1606128355511998,0.004433427086809363
FB15k-237,19,500,20708500,866,135,0,0,0,4.181857691286187e-05,0.1558891454965358,0.0
FB15k-237,20,500,20708500,4226,403,0,0,0,0.0002040707921867832,0.09536204448651207,0.0
FB15k-237,21,500,20708500,20412,3040,0,0,0,0.000985682207789072,0.14893200078385263,0.0
FB15k-237,22,500,20708500,66832,16666,3,3,0,0.0032272738247579496,0.24937155853483362,0.00018000720028801153
FB15k-237,23,500,20708500,60032,15565,40,0,40,0.0028989062462273945,0.25927838486140725,0.00256986829424992
FB15k-237,24,500,20708500,420690,153056,29,27,2,0.02031484656059106,0.36382134113004827,0.00018947313401630777
FB15k-237,25,500,20708500,177766,38770,121,0,121,0.008584204553685684,0.21809569884004815,0.0031209698220273406
FB15k-237,26,500,20708500,2264,225,0,0,0,0.00010932708791076128,0.09938162544169611,0.0
FB15k-237,27,500,20708500,27261,9328,16,1,15,0.0013164159644590385,0.34217380140126924,0.0017152658662092624
FB15k-237,28,500,20708500,130590,27744,199,3,196,0.006306106188280175,0.21245118309212038,0.007172722029988466
FB15k-237,29,500,20708500,1257,107,0,0,0,6.069971267836878e-05,0.08512330946698489,0.0
FB15k-237,30,500,20708500,19239,6396,41,0,41,0.0009290388004925513,0.332449711523468,0.00641025641025641
FB15k-237,31,500,20708500,26137,7671,23,0,23,0.0012621387353019293,0.29349198454298503,0.00299830530569678
FB15k-237,32,500,20708500,113636,35086,49,0,49,0.0054874085520438464,0.30875778802492165,0.0013965684318531608
FB15k-237,33,333,6099006,3246426,1751453,43011,0,43011,0.5322877203268861,0.5395019014756536,0.024557324689843233
FB15k-237,34,500,20708500,1142496,311107,4796,0,4796,0.05517038897071251,0.27230467327675545,0.015415917996059233
FB15k-237,35,500,20708500,39647,3651,0,0,0,0.0019145278508824878,0.09208767372058416,0.0
FB15k-237,36,500,20708500,11047,1896,1,0,1,0.0005334524470628003,0.17163030687064362,0.0005274261603375527
FB15k-237,37,500,20708500,177571,50754,96,59,37,0.008574788130477823,0.2858236986895383,0.0018914765338692518
FB15k-237,38,500,20708500,13789,4343,32,11,21,0.0006658618441702682,0.3149612009572848,0.007368178678332949
FB15k-237,39,447,14786015,904616,316812,49,49,0,0.061180514154760425,0.35021710869584444,0.00015466585861646654
FB15k-237,40,500,20708500,48169,30827,90,0,90,0.0023260496897409277,0.6399759181216135,0.0029195186038213253
FB15k-237,41,500,20708500,7167,1204,9,0,9,0.0003460897699012483,0.16799218640993444,0.007475083056478406
FB15k-237,42,500,20708500,8098,1458,23,0,23,0.000391047154550064,0.18004445542109163,0.01577503429355281
FB15k-237,43,500,20708500,51953,5574,111,0,111,0.0025087765893232247,0.1072892806960137,0.01991388589881593
FB15k-237,44,500,20708500,271422,98944,85,0,85,0.013106791897047106,0.36453935200536436,0.0008590717981888745
FB15k-237,45,500,20708500,272993,61477,87,79,8,0.01318265446555762,0.22519625045330832,0.0014151633944401972
FB15k-237,46,220,1750540,91439,36223,0,0,0,0.052234738994824455,0.39614387733899104,0.0
FB15k-237,47,500,20708500,5992,1412,2,0,2,0.0002893497839051597,0.2356475300400534,0.00141643059490085
FB15k-237,48,500,20708500,111165,13932,124,1,123,0.005368085568727817,0.12532721630009444,0.008900373241458513
FB15k-237,49,489,19368964,1028441,279295,165,0,165,0.0530973675205344,0.27157124229780805,0.0005907731967990834
FB15k-237,50,500,20708500,221179,54639,0,0,0,0.01068059009585436,0.24703520677822036,0.0
FB15k-237,51,421,12347930,3547920,1747367,403,88,315,0.28732913127949383,0.49250462242666126,0.00023063271768323425
FB15k-237,52,383,9290431,212695,47013,3,0,3,0.022893986296222427,0.22103481511083947,6.381213706847043e-05
FB15k-237,53,32,4960,2042,617,0,0,0,0.41169354838709676,0.302154750244858,0.0
FB15k-237,54,20,1140,593,249,0,0,0,0.5201754385964912,0.41989881956155145,0.0
FB15k-237,55,230,2001460,503296,223459,0,0,0,0.2514644309653953,0.44399120994404884,0.0
FB15k-237,56,127,333375,0,0,0,0,0,0.0,0.0,0.0
FB15k-237,57,500,20708500,15740,1392,8,0,8,0.0007600743655986672,0.08843710292249048,0.005747126436781609
FB15k-237,58,500,20708500,91157,33396,670,0,670,0.004401912258251443,0.36635694461204293,0.020062282908132712
FB15k-237,59,500,20708500,153746,57293,0,0,0,0.007424294371876283,0.3726470932577108,0.0
FB15k-237,60,500,20708500,3306476,783863,73,0,73,0.1596675761160876,0.2370690124470887,9.312851863144452e-05
FB15k-237,61,500,20708500,289852,122247,563,0,563,0.013996764613564479,0.42175662062017855,0.004605429990102007
FB15k-237,62,500,20708500,1208787,493590,145,109,36,0.058371538257237364,0.40833496720265855,0.0002937660811604773
FB15k-237,63,500,20708500,1996889,1004408,3242,1496,1746,0.09642847140063258,0.5029863953379482,0.003227771981107279
FB15k-237,64,500,20708500,44065,2773,0,0,0,0.002127870198227781,0.06292976285033473,0.0
FB15k-237,65,500,20708500,62837,9605,25,0,25,0.0030343578723712487,0.1528558015182138,0.0026028110359187923
FB15k-237,66,500,20708500,165126,37537,57,11,46,0.007973827172417123,0.22732337729975896,0.0015185017449449876
FB15k-237,67,174,862924,29408,15756,0,0,0,0.03407947860993552,0.5357725788900979,0.0
FB15k-237,68,500,20708500,116218,30947,64,0,64,0.0056120916531858895,0.26628405238431224,0.0020680518305490033
FB15k-237,69,500,20708500,4416,517,5,0,5,0.00021324576864572518,0.11707427536231885,0.009671179883945842
FB15k-237,70,500,20708500,688232,281451,41,0,41,0.033234275780476615,0.40894785479315116,0.00014567366966185944
FB15k-237,71,500,20708500,111582,23492,7,3,4,0.005388222227587705,0.21053574949364592,0.0002979737783075089
FB15k-237,72,500,20708500,8800,1232,6,0,6,0.0004249462780983654,0.14,0.00487012987012987
FB15k-237,73,500,20708500,635968,206031,9,0,9,0.030710481203370596,0.32396441330381404,4.368274677111697e-05
FB15k-237,74,500,20708500,350114,106751,3,1,2,0.01690677741024217,0.304903545702257,2.8102781238583244e-05
FB15k-237,75,500,20708500,407,11,0,0,0,1.96537653620494e-05,0.02702702702702703,0.0
FB15k-237,76,500,20708500,31846,4651,0,0,0,0.0015378226332182438,0.14604659925893362,0.0
FB15k-237,77,500,20708500,210225,27418,14,12,2,0.010151628558321463,0.13042216672612678,0.0005106134656065359
FB15k-237,78,500,20708500,1957071,711563,0,0,0,0.09450568607093705,0.3635856849342717,0.0
FB15k-237,79,500,20708500,263434,125507,212,0,212,0.012721056570973272,0.4764267330716612,0.0016891488124168373
FB15k-237,80,335,6209895,271650,204268,100,0,100,0.04374470099735986,0.7519528805448187,0.0004895529402549592
FB15k-237,81,146,508080,0,0,0,0,0,0.0,0.0,0.0
FB15k-237,82,500,20708500,431413,94327,10,0,10,0.020832653258323876,0.2186466332725254,0.00010601418469791258
FB15k-237,83,500,20708500,1279528,626218,1684,1663,21,0.0617875751503006,0.48941328364834535,0.002689159366227097
FB15k-237,84,500,20708500,282977,100974,275,275,0,0.01366477533380013,0.35682758669432496,0.002723473369382217
FB15k-237,85,500,20708500,204923,31259,1355,0,1355,0.009895598425767198,0.15254022242500842,0.04334751591541636
FB15k-237,86,500,20708500,152539,46935,19,3,16,0.007366009126687109,0.3076918034076531,0.00040481516991584105
FB15k-237,87,500,20708500,4757260,2416224,2061,1131,930,0.22972499215298067,0.5079024480478258,0.0008529838293138385
FB15k-237,88,202,1353400,300037,159830,0,0,0,0.22169129599527118,0.5327009668807514,0.0
FB15k-237,89,500,20708500,14182,2361,0,0,0,0.000684839558635343,0.1664786348892963,0.0
FB15k-237,90,500,20708500,1737235,727524,1282,0,1282,0.08388994857184248,0.41878272081785134,0.0017621411802222332
FB15k-237,91,193,1179616,599618,358342,0,0,0,0.5083162656322058,0.5976171495852359,0.0
FB15k-237,92,500,20708500,2560,567,1,0,1,0.0001236207354467972,0.221484375,0.001763668430335097
FB15k-237,93,500,20708500,438681,77205,0,0,0,0.021183620252553298,0.17599348957442879,0.0
FB15k-237,94,11,165,21,6,0,0,0,0.12727272727272726,0.2857142857142857,0.0
FB15k-237,95,500,20708500,238257,155387,10,0,10,0.011505275611463892,0.652182307340393,6.435544801045133e-05
FB15k-237,96,500,20708500,187944,38322,3,0,3,0.009075693555786272,0.2039011620482697,7.828401440425865e-05
FB15k-237,97,500,20708500,119478,36819,111,104,7,0.0057695149334814205,0.30816552001205244,0.0030147478204188057
FB15k-237,98,500,20708500,329105,30445,3,0,3,0.015892266460632107,0.09250846994120418,9.853834784036788e-05
FB15k-237,99,146,508080,54169,22410,0,0,0,0.10661509998425445,0.41370525577359746,0.0
FB15k-237,100,500,20708500,1424416,295556,143,8,135,0.06878412246179105,0.20749275492552738,0.0004838338588964528
FB15k-237,101,500,20708500,14141,1159,1,0,1,0.0006828596952942028,0.08196025740753836,0.0008628127696289905
FB15k-237,102,500,20708500,633932,267458,2931,2928,3,0.030612164087210566,0.42190329562161244,0.010958729968817534
FB15k-237,103,500,20708500,155453,59943,101,4,97,0.007506724291957409,0.3856020790849968,0.0016849340206529537
FB15k-237,104,500,20708500,104554,11169,4,0,4,0.00504884467730642,0.10682518124605467,0.0003581341212284
FB15k-237,105,438,13908836,683849,316545,0,0,0,0.049166515443851665,0.46288727482236575,0.0
FB15k-237,106,500,20708500,557252,200652,7,0,7,0.026909336745780717,0.360074077796042,3.48862707573311e-05
FB15k-237,107,500,20708500,200949,74432,16,0,16,0.009703696549725959,0.37040244042020615,0.00021496130696474635
FB15k-237,108,500,20708500,5851133,3210529,8498,0,8498,0.28254740806915035,0.5487021060707388,0.0026469158197916917
FB15k-237,109,500,20708500,957800,360090,1700,1694,6,0.046251539223024364,0.3759553142618501,0.004721041961731789
FB15k-237,110,429,13067054,3380666,1301147,0,0,0,0.2587167696712664,0.38487889664344244,0.0
FB15k-237,111,130,357760,52358,26386,7,7,0,0.14634950805008945,0.5039535505557889,0.00026529220040930794
FB15k-237,112,500,20708500,92132,6487,0,0,0,0.00444899437429075,0.07040984674163157,0.0
FB15k-237,113,173,848046,139403,75705,3,0,3,0.16438141327239325,0.5430657876803225,3.962750148603131e-05
FB15k-237,114,500,20708500,1809915,479030,0,0,0,0.0873996185141367,0.2646698878124111,0.0
FB15k-237,115,500,20708500,1693358,527428,929,0,929,0.08177115677137407,0.31146869120410453,0.0017613778563140372
FB15k-237,116,500,20708500,84157,26443,27,27,0,0.0040638868097641065,0.31421034495050915,0.001021064175774307
FB15k-237,117,500,20708500,35917,8814,232,0,232,0.0017344085761885216,0.2453991146253863,0.026321760835035173
FB15k-237,118,500,20708500,1429447,536102,0,0,0,0.06902706618055388,0.375041537041947,0.0
FB15k-237,119,351,7145775,952044,541746,181,181,0,0.13323173483631937,0.5690346244501304,0.00033410491263433415
FB15k-237,120,240,2275280,546018,201957,134,0,134,0.2399783762877536,0.3698724217882927,0.0006635075783458855
FB15k-237,121,491,19608085,230010,102194,56,0,56,0.011730365305943952,0.444302421633842,0.0005479773763626044
FB15k-237,122,473,17525596,739022,222450,0,0,0,0.04216815222717675,0.3010059240455629,0.0
FB15k-237,123,379,9001629,417194,66439,13,13,0,0.04634650017235769,0.1592520506047546,0.00019566820692665452
FB15k-237,124,500,20708500,655928,286029,1034,0,1034,0.031674336625057344,0.436067678159798,0.0036150180576095432
FB15k-237,125,86,102340,9247,5133,0,0,0,0.09035567715458276,0.5550989510111387,0.0
FB15k-237,126,310,4917220,893247,284664,0,0,0,0.1816569118322955,0.3186845295870011,0.0
FB15k-237,127,337,6322120,1489641,821101,568,540,28,0.23562365155991977,0.5512073043102331,0.0006917541203822672
FB15k-237,128,500,20708500,8479222,4647714,5356,0,5356,0.40945611705338386,0.548129769452905,0.0011523944889896408
FB15k-237,129,376,8789000,4671579,2901459,2,0,2,0.5315256570713391,0.6210874310377712,6.893083789913971e-07
FB15k-237,130,500,20708500,15036,2914,33,0,33,0.000726078663350798,0.19380154296355415,0.011324639670555936
FB15k-237,131,500,20708500,125432,49619,0,0,0,0.006057029722094792,0.39558485872823523,0.0
FB15k-237,132,240,2275280,160386,148357,0,0,0,0.07049066488520095,0.9249996882520918,0.0
FB15k-237,133,500,20708500,3289742,1172144,580,417,163,0.15885950213680372,0.3563027131002978,0.0004948197491093245
FB15k-237,134,500,20708500,97195,30636,345,0,345,0.004693483352246662,0.31520139924893253,0.01126126126126126
FB15k-237,135,500,20708500,3071929,1358048,62,13,49,0.148341453992322,0.44208313408285155,4.565376186997809e-05
FB15k-237,136,500,20708500,624438,248475,324,323,1,0.03015370500036217,0.39791780769267726,0.0013039541201328101
FB15k-237,137,500,20708500,47395,5064,0,0,0,0.002288673733008185,0.1068467137883743,0.0
FB15k-237,138,197,1254890,220594,133311,0,0,0,0.1757875192247926,0.6043274069104327,0.0
FB15k-237,139,500,20708500,4433071,1886125,0,0,0,0.21407011613588622,0.4254669054477133,0.0
FB15k-237,140,249,2542124,99989,41371,0,0,0,0.039332857091156845,0.4137555131064417,0.0
FB15k-237,141,500,20708500,343044,114883,233,15,218,0.01656537170726996,0.33489290003614697,0.002028150379081326
FB15k-237,142,468,16974516,1005866,167368,175,0,175,0.05925741859149327,0.1663919448515011,0.0010456001147172698
FB15k-237,143,500,20708500,1503356,769311,813,494,319,0.07259608373373252,0.5117290914460714,0.001056789776826277
FB15k-237,144,54,24804,13260,8452,0,0,0,0.5345911949685535,0.6374057315233785,0.0
FB15k-237,145,500,20708500,3336374,1968390,631,548,83,0.1611113310959268,0.5899788213191927,0.00032056655439216823
FB15k-237,146,142,467180,0,0,0,0,0,0.0,0.0,0.0
FB15k-237,147,500,20708500,2237672,1039060,469,317,152,0.10805572590965062,0.46434866235980965,0.0004513695070544531
FB15k-237,148,500,20708500,83988,10367,1,0,1,0.004055725909650626,0.12343430013811497,9.645992090286486e-05
FB15k-237,149,110,215820,18556,7684,0,0,0,0.08597905662125846,0.4140978659193792,0.0
FB15k-237,150,500,20708500,143533,54192,10,8,2,0.006931115242533259,0.3775577741703998,0.00018452908178328905
FB15k-237,151,500,20708500,769619,250987,0,0,0,0.037164401091339304,0.3261185079890179,0.0
FB15k-237,152,500,20708500,3266,317,0,0,0,0.00015771301639423425,0.09706062461726883,0.0
FB15k-237,153,327,5774275,317999,236879,1,1,0,0.055071675664910315,0.744904858191378,4.22156459627067e-06
FB15k-237,154,500,20708500,556186,202538,326,1,325,0.026857860298911074,0.3641551567281449,0.001609574499600075
FB15k-237,155,435,13624345,1027444,469076,157,157,0,0.07541235927305129,0.4565465368428839,0.00033470056025036455
FB15k-237,156,380,9073260,842488,298662,24,0,24,0.09285394665203026,0.3545000047478421,8.035839845711875e-05
FB15k-237,157,500,20708500,33385,7410,0,0,0,0.0016121399425356737,0.2219559682492137,0.0
FB15k-237,158,299,4410549,233129,130931,9,3,6,0.05285713864645875,0.5616246798982537,6.873849584895862e-05
FB15k-237,159,235,2135445,73962,40027,0,0,0,0.034635403861958514,0.5411833103485574,0.0
FB15k-237,160,432,13343760,443398,129509,3,3,0,0.03322886502754846,0.29208295932773715,2.3164413284018872e-05
FB15k-237,161,500,20708500,2067567,515336,51,0,51,0.09984146606465943,0.24924754554507786,9.89645590449726e-05
FB15k-237,162,500,20708500,2680887,1806692,109,3,106,0.12945829007412415,0.6739157599704874,6.033125734768295e-05
FB15k-237,163,500,20708500,348574,193505,0,0,0,0.01683241181157496,0.5551331998370503,0.0
FB15k-237,164,110,215820,9254,5405,0,0,0,0.042878324529700675,0.5840717527555651,0.0
FB15k-237,165,116,253460,55954,28327,0,0,0,0.22076067229543123,0.506255138149194,0.0
FB15k-237,166,500,20708500,5512579,2807420,10756,3,10753,0.26619885554241013,0.5092752412255679,0.0038312756908478246
FB15k-237,167,153,585276,452866,293308,0,0,0,0.773764856238766,0.647670613382325,0.0
FB15k-237,168,500,20708500,335634,102857,4,0,4,0.016207547625371223,0.3064558417800342,3.8888942901309586e-05
FB15k-237,169,500,20708500,13680,2069,2,0,2,0.0006605983050438225,0.15124269005847954,0.0009666505558240696
FB15k-237,170,500,20708500,91255,55846,247,0,247,0.004406644614530266,0.6119774258944716,0.00442287719800881
FB15k-237,171,500,20708500,2404785,1531031,0,0,0,0.11612550402008837,0.6366602419758939,0.0
FB15k-237,172,500,20708500,1013922,400742,16,0,16,0.04896163411159669,0.39523947601492027,3.992593738614869e-05
FB15k-237,173,299,4410549,651807,312895,2,2,0,0.14778364326073692,0.4800424051904935,6.391920612345995e-06
FB15k-237,174,500,20708500,95799,13421,42,0,42,0.00462607141994833,0.1400954080940302,0.0031294240369570078
FB15k-237,175,56,27720,8757,4567,0,0,0,0.3159090909090909,0.5215256366335503,0.0
FB15k-237,176,500,20708500,103887,9536,1,0,1,0.005016635681000556,0.09179204327779221,0.00010486577181208053
FB15k-237,177,500,20708500,1645077,738155,47,0,47,0.07943969867445735,0.4487054405356102,6.367226395540232e-05
FB15k-237,178,500,20708500,230734,67176,55,0,55,0.011141994833039574,0.29114044744164275,0.0008187447898058831
FB15k-237,179,181,971970,119820,68963,0,0,0,0.12327540973486836,0.5755549991654147,0.0
FB15k-237,180,500,20708500,315962,94794,0,0,0,0.015257599536422242,0.30001709066280124,0.0
FB15k-237,181,14,364,205,164,0,0,0,0.5631868131868132,0.8,0.0
FB15k-237,182,391,9886435,1325315,667999,35,0,35,0.13405388292139683,0.5040303625930439,5.239528801689823e-05
FB15k-237,183,500,20708500,409238,164596,132,132,0,0.01976183692686578,0.4022011641147694,0.0008019635957131401
FB15k-237,184,418,12085216,735418,316685,69,69,0,0.060852698040316365,0.4306190493025735,0.00021788212261395393
FB15k-237,185,500,20708500,7063382,3476338,3525,994,2531,0.3410861240553396,0.4921633857548693,0.001013998063479443
FB15k-237,186,500,20708500,1043940,605933,61,61,0,0.050411183813409956,0.5804289518554706,0.00010067119632038525
FB15k-237,187,323,5564321,1012644,680586,0,0,0,0.18198878173994634,0.6720881178380557,0.0
FB15k-237,188,500,20708500,504463,111861,31,0,31,0.024360190260038148,0.22174272444163398,0.0002771296519787951
FB15k-237,189,333,6099006,414674,142705,0,0,0,0.06799042335751104,0.3441378046368955,0.0
FB15k-237,190,33,5456,1683,851,0,0,0,0.3084677419354839,0.5056446821152704,0.0
FB15k-237,191,500,20708500,342113,197989,6,0,6,0.016520414322621146,0.5787239888574828,3.0304713898246874e-05
FB15k-237,192,43,12341,4405,1426,0,0,0,0.3569402803662588,0.32372304199772983,0.0
FB15k-237,193,498,20460496,5998200,2399424,0,0,0,0.2931600485149529,0.40002400720216064,0.0
FB15k-237,194,86,102340,39648,21072,2,2,0,0.3874145006839945,0.5314769975786925,9.491268033409264e-05
FB15k-237,195,500,20708500,4647100,1698282,0,0,0,0.22440543738078567,0.3654498504443632,0.0
FB15k-237,196,24,2024,625,194,0,0,0,0.30879446640316205,0.3104,0.0
FB15k-237,197,306,4728720,543445,445172,0,0,0,0.11492433470368303,0.8191666129967154,0.0
FB15k-237,198,372,8510740,1632333,885916,166,122,44,0.19179683552781543,0.5427299454216756,0.00018737668131064346
FB15k-237,199,27,2925,660,305,0,0,0,0.22564102564102564,0.4621212121212121,0.0
FB15k-237,200,239,2246839,431930,108105,1,0,1,0.1922389632724018,0.2502836107702637,9.250265945145923e-06
FB15k-237,201,133,383306,330724,250971,2,2,0,0.8628197836715313,0.7588533036610587,7.969048216726235e-06
FB15k-237,202,121,287980,20847,8176,0,0,0,0.07239044378081812,0.39219072288578694,0.0
FB15k-237,203,500,20708500,597189,310526,0,0,0,0.02883786850810054,0.519979436995658,0.0
FB15k-237,204,78,76076,15927,13291,270,0,270,0.20935643304064358,0.834494882903246,0.02031449853284177
FB15k-237,205,411,11486765,4195190,2751852,135,134,1,0.365219450384856,0.6559540807448531,4.905787084479834e-05
FB15k-237,206,500,20708500,4234803,1765398,0,0,0,0.20449588333293092,0.41687842386056684,0.0
FB15k-237,207,113,234136,15445,10406,0,0,0,0.06596593432876618,0.673745548721269,0.0
FB15k-237,208,334,6154284,3899956,2626286,0,0,0,0.633697762404205,0.673414264160929,0.0
FB15k-237,209,67,47905,34124,16248,0,0,0,0.7123264794906586,0.47614582112296333,0.0
FB15k-237,210,166,748660,128098,99671,0,0,0,0.17110303742686933,0.7780839669627941,0.0
FB15k-237,211,153,585276,90527,30988,0,0,0,0.15467403413090577,0.3423067151236648,0.0
FB15k-237,212,242,2332880,467988,150646,0,0,0,0.20060526045060184,0.321901416275631,0.0
FB15k-237,213,362,7840920,4803441,3186887,0,0,0,0.6126119128877734,0.6634591743710394,0.0
FB15k-237,214,108,204156,35497,15743,0,0,0,0.17387194106467604,0.44350226779727864,0.0
FB15k-237,215,158,644956,132235,46614,0,0,0,0.20502949038384014,0.35250879116724015,0.0
FB15k-237,216,78,76076,3953,829,0,0,0,0.0519611966980388,0.2097141411586137,0.0
FB15k-237,217,282,3697960,723163,335475,727,0,727,0.19555728023018096,0.4638995634455856,0.0021670765332737164
FB15k-237,218,500,20708500,427848,167168,0,0,0,0.020660501726344253,0.39071819898655596,0.0
FB15k-237,219,500,20708500,2732516,1080682,0,0,0,0.13195142091411738,0.395489724488347,0.0
FB15k-237,220,198,1274196,208873,146178,0,0,0,0.163925330168985,0.6998415304993943,0.0
FB15k-237,221,500,20708500,2615613,1056960,0,0,0,0.12630625105632953,0.40409647757523764,0.0
FB15k-237,222,500,20708500,808828,698294,0,0,0,0.03905777820701644,0.8633405371723036,0.0
FB15k-237,223,215,1633355,266494,126708,1,1,0,0.1631574275035127,0.4754628622032766,7.892161505193042e-06
FB15k-237,224,126,325500,16359,5299,0,0,0,0.050258064516129033,0.32391955498502356,0.0
FB15k-237,225,191,1143135,280550,166943,0,0,0,0.24542158187790594,0.5950561397255392,0.0
FB15k-237,226,267,3136805,892741,858983,0,0,0,0.28460200745663183,0.9621861211706418,0.0
FB15k-237,227,93,129766,5313,3112,0,0,0,0.04094292803970223,0.585733107472238,0.0
FB15k-237,228,15,455,66,52,0,0,0,0.14505494505494507,0.7878787878787878,0.0
FB15k-237,229,72,59640,2546,853,0,0,0,0.042689470154258884,0.3350353495679497,0.0
FB15k-237,230,159,657359,324359,119200,4,4,0,0.49342748787192386,0.36749404209533265,3.355704697986577e-05
FB15k-237,231,500,20708500,696245,55331,0,0,0,0.03362121834029505,0.07947058865772824,0.0
FB15k-237,232,145,497640,327881,166681,0,0,0,0.6588718752511856,0.5083582153281221,0.0
FB15k-237,233,268,3172316,401225,118981,0,0,0,0.12647699661698267,0.296544332980248,0.0
FB15k-237,234,500,20708500,4363496,1860904,0,0,0,0.21071038462467104,0.4264708848134615,0.0
FB15k-237,235,500,20708500,2621629,1267494,0,0,0,0.1265967597846295,0.48347573207345507,0.0
FB15k-237,236,249,2542124,689826,314586,2,2,0,0.27135812415130023,0.4560367396995764,6.357562002123425e-06
KG20C,0,500,20708500,207,201,0,0,0,9.995895405268368e-06,0.9710144927536232,0.0
KG20C,1,500,20708500,15,15,0,0,0,7.243402467585774e-07,1.0,0.0
KG20C,2,500,20708500,151,149,0,0,0,7.291691817369679e-06,0.9867549668874173,0.0
KG20C,3,500,20708500,14,5,0,0,0,6.760508969746723e-07,0.35714285714285715,0.0
KG20C,4,500,20708500,476,226,0,0,0,2.2985730497138857e-05,0.47478991596638653,0.0
WN18RR,0,500,20708500,7384,7158,14,11,3,0.0003565685588043557,0.9693932827735645,0.0019558535903883767
WN18RR,1,500,20708500,474,474,1,1,0,2.2889151797571045e-05,1.0,0.002109704641350211
WN18RR,2,500,20708500,1319,1245,0,0,0,6.369365236497091e-05,0.9438968915845337,0.0
WN18RR,3,500,20708500,38916,38868,27,27,0,0.0018792283361904532,0.9987665741597287,0.0006946588453226305
WN18RR,4,500,20708500,9630,9581,17,15,2,0.00046502643841900667,0.9949117341640706,0.0017743450579271475
WN18RR,5,500,20708500,59064,50815,14,3,11,0.0028521621556365745,0.8603379385073818,0.00027550920003935846
WN18RR,6,500,20708500,3507,3481,6,1,5,0.00016935074969215538,0.99258625605931,0.0017236426314277506
WN18RR,7,307,4775385,22247,21426,13,0,13,0.004658681970144816,0.9630961477952084,0.0006067394754037151
WN18RR,8,439,14004539,25540,25015,5,0,5,0.0018236944464933833,0.9794440093970243,0.0001998800719568259
WN18RR,9,500,20708500,299469,299468,33,11,22,0.014461163290436294,0.9999966607562052,0.00011019541319940695
WN18RR,10,6,20,2,2,0,0,0,0.1,1.0,0.0
YAGO3-10,0,500,20708500,972,213,0,0,0,4.6937247989955815e-05,0.2191358024691358,0.0
YAGO3-10,1,500,20708500,2,0,0,0,0,9.657869956781032e-08,0.0,0.0
YAGO3-10,2,500,20708500,0,0,0,0,0,0.0,0.0,0.0
YAGO3-10,3,500,20708500,34087,8851,19,19,0,0.0016460390660839753,0.2596591075776689,0.0021466500960343462
YAGO3-10,4,500,20708500,625,118,0,0,0,3.0180843614940724e-05,0.1888,0.0
YAGO3-10,5,500,20708500,54071,18039,24,17,7,0.002611053432165536,0.33361691109837066,0.0013304506901712955
YAGO3-10,6,500,20708500,454,100,0,0,0,2.192336480189294e-05,0.22026431718061673,0.0
YAGO3-10,7,500,20708500,615,24,0,0,0,2.9697950117101674e-05,0.03902439024390244,0.0
YAGO3-10,8,500,20708500,8120,1779,1,0,1,0.0003921095202453099,0.21908866995073892,0.0005621135469364812
YAGO3-10,9,500,20708500,3995,221,1,0,1,0.00019291595238670112,0.05531914893617021,0.004524886877828055
YAGO3-10,10,500,20708500,94,3,0,0,0,4.539198879687085e-06,0.031914893617021274,0.0
YAGO3-10,11,64,41664,5771,3114,19,13,6,0.1385128648233487,0.5395945243458673,0.0061014771997430954
YAGO3-10,12,500,20708500,18594,5058,50,0,50,0.0008978921698819326,0.27202323330106487,0.009885330170027679
YAGO3-10,13,245,2421090,95567,48517,11,0,11,0.03947271683415321,0.5076752435464125,0.00022672465321433725
YAGO3-10,14,500,20708500,133,11,0,0,0,6.422483521259387e-06,0.08270676691729323,0.0
YAGO3-10,15,500,20708500,1395,65,0,0,0,6.73636429485477e-05,0.04659498207885305,0.0
YAGO3-10,16,500,20708500,36988,11616,1,0,1,0.0017861264698070842,0.314047799286255,8.608815426997245e-05
YAGO3-10,17,500,20708500,11471,6788,15,15,0,0.000553927131371176,0.5917531165547903,0.00220978196817914
YAGO3-10,18,487,19131795,9734,5558,7,7,0,0.0005087865513925902,0.5709882884733922,0.0012594458438287153
YAGO3-10,19,500,20708500,8631,4811,31,31,0,0.00041678537798488544,0.5574093384312362,0.006443566826023696
YAGO3-10,20,63,39711,961,294,0,0,0,0.02419984387197502,0.3059313215400624,0.0
YAGO3-10,21,491,19608085,523383,265798,117,0,117,0.026692203751666723,0.5078460706595361,0.0004401838990511592
YAGO3-10,22,500,20708500,339899,147573,503,119,384,0.01641350170219958,0.434167208494288,0.003408482581502036
YAGO3-10,23,500,20708500,8854,4837,4,4,0,0.00042755390298669627,0.5463067540094872,0.0008269588587967748
YAGO3-10,24,77,73150,2339,1131,0,0,0,0.03197539302802461,0.483539974348012,0.0
YAGO3-10,25,500,20708500,162889,42367,139,48,91,0.007865803896950527,0.26009736691857643,0.0032808553827271226
YAGO3-10,26,351,7145775,103488,38795,474,157,317,0.01448240393799133,0.37487438157081016,0.012218069338832323
YAGO3-10,27,152,573800,5786,2456,4,4,0,0.01008365284071105,0.4244728655375043,0.0016286644951140066
YAGO3-10,28,500,20708500,101024,28760,53,0,53,0.004878383272569235,0.2846848273677542,0.001842837273991655
YAGO3-10,29,500,20708500,126881,36869,56,23,33,0.006127000989931671,0.2905793617641727,0.0015188912094171254
YAGO3-10,30,122,295240,36192,12471,93,89,4,0.12258501558054465,0.3445789124668435,0.0074573009381765695
YAGO3-10,31,500,20708500,480138,233580,466,0,466,0.023185551826544654,0.486485135523537,0.0019950338213888174
YAGO3-10,32,500,20708500,299282,184629,115,0,115,0.014452133182026703,0.6169064628009703,0.0006228707299503328
YAGO3-10,33,212,1565620,45744,31558,0,0,0,0.029217817861294567,0.689882826162994,0.0
YAGO3-10,34,69,52394,3657,2808,0,0,0,0.0697980684811238,0.7678424938474159,0.0
YAGO3-10,35,3,1,1,1,0,0,0,1.0,1.0,0.0
YAGO3-10,36,2,0,0,0,0,0,0,0.0,0.0,0.0
codex-l,0,500,20708500,1722,215,4,0,4,8.315426032788468e-05,0.1248548199767712,0.018604651162790697
codex-l,1,500,20708500,20873,5144,15,8,7,0.0010079435980394525,0.2464427729602836,0.00291601866251944
codex-l,2,500,20708500,47,0,0,0,0,2.2695994398435423e-06,0.0,0.0
codex-l,3,500,20708500,12838,5245,4,4,0,0.0006199386725257744,0.4085527340707275,0.0007626310772163965
codex-l,4,500,20708500,11730,3125,7,3,4,0.0005664340729652075,0.26641091219096336,0.00224
codex-l,5,500,20708500,786,110,0,0,0,3.7955428930149454e-05,0.13994910941475827,0.0
codex-l,6,500,20708500,596,77,0,0,0,2.8780452471207477e-05,0.12919463087248323,0.0
codex-l,7,500,20708500,4219,421,0,0,0,0.00020373276673829588,0.09978667930789287,0.0
codex-l,8,500,20708500,8737,4638,44,0,44,0.0004219040490619794,0.5308458280874442,0.009486847779215178
codex-l,9,500,20708500,4462,577,2,1,1,0.00021546707873578482,0.12931420887494396,0.0034662045060658577
codex-l,10,500,20708500,17157,1951,12,0,12,0.0008285003742424608,0.11371451885527772,0.006150691952844695
codex-l,11,500,20708500,55710,12712,274,0,274,0.0026901996764613564,0.2281816549991025,0.021554436752674638
codex-l,12,500,20708500,26094,4437,1,0,1,0.0012600622932612212,0.1700390894458496,0.000225377507324769
codex-l,13,500,20708500,15694,4632,9,9,0,0.0007578530555086075,0.2951446412641774,0.0019430051813471502
codex-l,14,500,20708500,11989,5681,58,8,50,0.0005789410145592389,0.47385103011093505,0.010209470163703573
codex-l,15,8,56,27,13,0,0,0,0.48214285714285715,0.48148148148148145,0.0
codex-l,16,500,20708500,11241,2782,1,0,1,0.0005428205809208779,0.24748687839160216,0.0003594536304816679
codex-l,17,500,20708500,103,5,0,0,0,4.973803027742231e-06,0.04854368932038835,0.0
codex-l,18,500,20708500,11157,2155,0,0,0,0.0005387642755390299,0.19315228107914315,0.0
codex-l,19,500,20708500,24746,6423,0,0,0,0.001194968249752517,0.25955710013739597,0.0
codex-l,20,500,20708500,3628,679,0,0,0,0.00017519376101600792,0.18715545755237045,0.0
codex-l,21,392,9962680,21137,3971,4,4,0,0.002121617877920399,0.18786961252779485,0.001007302946361118
codex-l,22,119,273819,10622,5685,26,26,0,0.038792048762138494,0.535209941630578,0.004573438874230431
codex-l,23,500,20708500,1906,76,0,0,0,9.203950068812324e-05,0.03987408184679958,0.0
codex-l,24,500,20708500,13432,1304,2,0,2,0.0006486225462974141,0.09708159618820726,0.0015337423312883436
codex-l,25,500,20708500,28501,5764,19,1,18,0.001376294758191081,0.20223851794673872,0.003296321998612075
codex-l,26,500,20708500,213244,62154,26,16,10,0.010297414105319072,0.2914689276134381,0.0004183157962480291
codex-l,27,52,22100,1907,551,0,0,0,0.086289592760181,0.28893550078657576,0.0
codex-l,28,500,20708500,246611,108799,186,13,173,0.011908684839558635,0.4411765898520342,0.0017095745365306666
codex-l,29,500,20708500,54386,19817,10,9,1,0.002626264577347466,0.3643768616923473,0.0005046172478175305
codex-l,30,149,540274,77183,30940,8,8,0,0.1428589937698279,0.4008654755580892,0.0002585649644473174
codex-l,31,500,20708500,40514,8283,8,2,6,0.001956394717145134,0.20444784518931727,0.0009658336351563443
codex-l,32,213,1587986,2717,1310,0,0,0,0.0017109722629796485,0.48214942951785056,0.0
codex-l,33,131,366145,12183,5151,2,0,2,0.0332737030411449,0.42280226545185917,0.00038827412152980003
codex-l,34,131,366145,20634,6884,0,0,0,0.056354722855699244,0.33362411553746246,0.0
codex-l,35,109,209934,14592,7303,9,9,0,0.06950755951870588,0.5004797149122807,0.0012323702587977543
codex-l,36,155,608685,20500,16054,48,4,44,0.033679160813885674,0.7831219512195122,0.0029899090569328515
codex-l,37,400,10586800,27860,9866,24,0,24,0.002631578947368421,0.3541277817659727,0.002432596797080884
codex-l,38,127,333375,4326,1271,0,0,0,0.012976377952755906,0.2938049006010171,0.0
codex-l,39,177,908600,10440,3975,0,0,0,0.011490204710543694,0.3807471264367816,0.0
codex-l,40,188,1089836,1281,816,0,0,0,0.0011754062079065107,0.6370023419203747,0.0
codex-l,41,38,8436,561,354,0,0,0,0.06650071123755334,0.6310160427807486,0.0
codex-l,42,1,0,0,0,0,0,0,0.0,0.0,0.0
codex-l,43,51,20825,1243,516,0,0,0,0.05968787515006002,0.415124698310539,0.0
codex-l,44,500,20708500,887638,475521,255,0,255,0.04286346186348601,0.535715009947749,0.0005362539193852638
codex-l,45,7,35,19,13,0,0,0,0.5428571428571428,0.6842105263157895,0.0
codex-l,46,79,79079,681,610,0,0,0,0.008611641523033928,0.895741556534508,0.0
codex-l,47,61,35990,898,161,0,0,0,0.02495137538205057,0.17928730512249444,0.0
codex-l,48,500,20708500,152486,137339,5,0,5,0.007363449791148562,0.9006662906758653,3.640626479004507e-05
codex-l,49,30,4060,105,103,0,0,0,0.02586206896551724,0.9809523809523809,0.0
codex-l,50,79,79079,3426,359,0,0,0,0.04332376484275218,0.10478692352597782,0.0
codex-l,51,28,3276,325,151,0,0,0,0.0992063492063492,0.4646153846153846,0.0
codex-l,52,25,2300,491,471,0,0,0,0.21347826086956523,0.9592668024439919,0.0
codex-l,53,3,1,1,0,0,0,0,1.0,0.0,0.0
codex-l,54,28,3276,591,355,0,0,0,0.1804029304029304,0.6006768189509306,0.0
codex-l,55,102,171700,361,316,0,0,0,0.002102504368083867,0.8753462603878116,0.0
codex-l,56,42,11480,607,231,0,0,0,0.052874564459930315,0.3805601317957166,0.0
codex-l,57,26,2600,160,145,0,0,0,0.06153846153846154,0.90625,0.0
codex-l,58,13,286,220,188,0,0,0,0.7692307692307693,0.8545454545454545,0.0
codex-l,59,13,286,62,28,0,0,0,0.21678321678321677,0.45161290322580644,0.0
codex-l,60,9,84,38,28,0,0,0,0.4523809523809524,0.7368421052631579,0.0
codex-l,61,6,20,20,20,0,0,0,1.0,1.0,0.0
codex-l,62,1,0,0,0,0,0,0,0.0,0.0,0.0
codex-l,63,0,0,0,0,0,0,0,0.0,0.0,0.0
codex-l,64,9,84,20,14,0,0,0,0.23809523809523808,0.7,0.0
codex-l,65,0,0,0,0,0,0,0,0.0,0.0,0.0
codex-l,66,0,0,0,0,0,0,0,0.0,0.0,0.0
codex-l,67,0,0,0,0,0,0,0,0.0,0.0,0.0
codex-l,68,0,0,0,0,0,0,0,0.0,0.0,0.0
codex-m,0,500,20708500,865,122,0,0,0,4.1770287563077966e-05,0.14104046242774568,0.0
codex-m,1,500,20708500,1282,81,0,0,0,6.190694642296642e-05,0.06318252730109204,0.0
codex-m,2,500,20708500,15,1,0,0,0,7.243402467585774e-07,0.06666666666666667,0.0
codex-m,3,500,20708500,10821,2063,7,0,7,0.0005225390540116378,0.19064781443489512,0.0033931168201648087
codex-m,4,500,20708500,2745,527,1,1,0,0.00013255426515681966,0.19198542805100183,0.0018975332068311196
codex-m,5,500,20708500,36273,5352,14,0,14,0.0017515995847115918,0.14754776279877596,0.002615844544095665
codex-m,6,500,20708500,146062,56589,21,20,1,0.007053239008136755,0.3874313647629089,0.00037109685627948895
codex-m,7,500,20708500,277,12,0,0,0,1.337614989014173e-05,0.04332129963898917,0.0
codex-m,8,500,20708500,33032,5726,7,0,7,0.0015950938020619552,0.17334705739888592,0.0012224938875305623
codex-m,9,500,20708500,46732,9040,1,0,1,0.002256657894101456,0.19344346486347685,0.00011061946902654867
codex-m,10,500,20708500,2607,705,3,1,2,0.00012589033488664075,0.27042577675489066,0.00425531914893617
codex-m,11,500,20708500,20009,2927,52,1,51,0.0009662215998261583,0.14628417212254485,0.01776563033823027
codex-m,12,63,39711,12172,7992,0,0,0,0.30651456775200825,0.6565888925402563,0.0
codex-m,13,500,20708500,24685,7125,7,6,1,0.0011920225994156988,0.2886368239821754,0.0009824561403508772
codex-m,14,500,20708500,40312,6304,56,0,56,0.0019466402684887847,0.15638023417344712,0.008883248730964468
codex-m,15,500,20708500,36105,13493,17,17,0,0.001743486973947896,0.3737155518626229,0.0012599125472467206
codex-m,16,290,4022880,68388,24990,2,2,0,0.016999761364992243,0.3654149850851027,8.003201280512204e-05
codex-m,17,500,20708500,23201,6270,1,0,1,0.0011203612043363836,0.270246972113271,0.0001594896331738437
codex-m,18,500,20708500,130722,35484,35,0,35,0.00631248038245165,0.27144627530178544,0.0009863600495998196
codex-m,19,500,20708500,1035022,467144,44,0,44,0.04998053939203709,0.451337266261007,9.418937201376878e-05
codex-m,20,500,20708500,57145,15227,17,0,17,0.0027594948934012604,0.2664625076559629,0.0011164379063505615
codex-m,21,500,20708500,205106,59972,108,81,27,0.009904435376777652,0.29239515177517966,0.0018008403921830186
codex-m,22,500,20708500,54556,14526,78,64,14,0.00263447376681073,0.26625852335215194,0.0053696819496076
codex-m,23,500,20708500,75397,16022,15,15,0,0.0036408721056570975,0.21250182367998727,0.0009362127075271502
codex-m,24,500,20708500,41796,13305,1,1,0,0.0020183016635681,0.31833189778926213,7.51597143930853e-05
codex-m,25,500,20708500,27591,3781,0,0,0,0.0013323514498877272,0.13703743974484434,0.0
codex-m,26,185,1038220,12645,6029,4,0,4,0.012179499528038373,0.476789244760775,0.0006634599436059048
codex-m,27,500,20708500,32397,8871,6,0,6,0.0015644300649491755,0.2738216501527919,0.0006763611768684477
codex-m,28,130,357760,2583,1851,4,4,0,0.00721992397137746,0.7166085946573751,0.0021609940572663426
codex-m,29,500,20708500,297946,88771,71,29,42,0.014387618610715407,0.2979432514616743,0.000799810749005869
codex-m,30,137,419220,43693,39315,0,0,0,0.10422451218930394,0.8998008834367061,0.0
codex-m,31,3,1,0,0,0,0,0,0.0,0.0,0.0
codex-m,32,207,1456935,25269,8778,0,0,0,0.017343944650928148,0.3473821678736792,0.0
codex-m,33,7,35,18,6,0,0,0,0.5142857142857142,0.3333333333333333,0.0
codex-m,34,33,5456,1678,1014,0,0,0,0.30755131964809385,0.6042908224076281,0.0
codex-m,35,500,20708500,1044945,511738,1,0,1,0.05045971460994278,0.48972721052304186,1.9541249623830946e-06
codex-m,36,2,0,0,0,0,0,0,0.0,0.0,0.0
codex-m,37,89,113564,20371,9988,0,0,0,0.17937902856539045,0.4903048451229689,0.0
codex-m,38,30,4060,1251,737,0,0,0,0.30812807881773396,0.5891286970423661,0.0
codex-m,39,477,17974950,730023,576971,0,0,0,0.04061335358373737,0.7903463315539373,0.0
codex-m,40,28,3276,383,135,0,0,0,0.11691086691086691,0.3524804177545692,0.0
codex-m,41,111,221815,34222,10139,0,0,0,0.1542817212541983,0.29627140435976856,0.0
codex-m,42,30,4060,3654,3654,0,0,0,0.9,1.0,0.0
codex-m,43,13,286,282,197,0,0,0,0.986013986013986,0.6985815602836879,0.0
codex-m,44,9,84,84,78,0,0,0,1.0,0.9285714285714286,0.0
codex-m,45,11,165,165,165,0,0,0,1.0,1.0,0.0
codex-m,46,0,0,0,0,0,0,0,0.0,0.0,0.0
codex-m,47,0,0,0,0,0,0,0,0.0,0.0,0.0
codex-m,48,0,0,0,0,0,0,0,0.0,0.0,0.0
codex-m,49,0,0,0,0,0,0,0,0.0,0.0,0.0
codex-m,50,0,0,0,0,0,0,0,0.0,0.0,0.0
KG20C,ALL,2500,103542500,863,596,0,0,0,8.33474177270203e-06,0.6906141367323291,0.0
WN18RR,ALL,4752,184447944,467552,457533,130,69,61,0.0025348723865417553,0.9785713674628704,0.00028413251066043325
codex-m,ALL,15355,584791978,4384527,2043217,573,242,331,0.007497584038336449,0.46600625335412466,0.00028044010988553835
FB15k-237,ALL,93920,3412486019,191619558,89918377,188611,27756,160855,0.05615248148508239,0.4692546937197298,0.0020975801198013172
codex-l,ALL,17502,627825832,2117485,977919,1063,125,938,0.003372726785157193,0.4618304261895598,0.0010870020932203996
YAGO3-10,ALL,14338,547952325,2531837,1148813,2203,546,1657,0.004620542489713863,0.4537468249338326,0.0019176315031253998
