selector,dataset,gain_2,gain_4,gain_6,gain_8,gain_10,gain_12,gain_14,gain_16,gain_18,gain_20,gain_22,gain_24,gain_26,gain_28,gain_30,gain_32,gain_34,gain_36,gain_38,gain_40,gain_42,gain_44,gain_46,gain_48,gain_50,gain_52,gain_54,gain_56,gain_57,gain_60,gain_62,gain_64,gain_66,gain_68,gain_70,gain_72,gain_74,gain_76,gain_78,gain_80,gain_82,gain_84,gain_86,gain_88,gain_90,gain_92,gain_94,gain_96,gain_98,gain_100
balanced1_eff_global_rf,FB15k-237,0.02969906951346,0.0242593830573694,0.0262522061784018,0.0213259936162268,0.0220484461315102,0.014983001660721,0.0161141880384461,0.0144292468108537,0.0144475254962803,0.0121975235129445,0.0123083347556958,0.0116825750110931,0.011635985350116,0.0119951201544092,0.013287263481793,0.0130522419117222,0.0124380641386043,0.0124750478840012,0.0122839695329357,0.0128938135379841,0.013016483294111,0.012386069443532,0.0121860934888209,0.0120077999233632,0.0111930670085176,0.0114929832122279,0.0117732646353776,0.0118169855833356,0.0114949404480666,0.0114769911523668,0.0115089402486803,0.0112541848013079,0.0111874184029874,0.0112033608781623,0.0114173904144148,0.0112548286282669,0.0107572201720516,0.0106995604402142,0.0105541414522996,0.0106941925931194,0.0119593480776056,0.0120002312743221,0.0121916628126219,0.0119080809969123,0.0117844071006636,0.0112936954111155,0.0106374179832107,0.0100196371388392,0.00951270316746,0.0091863930002082
balanced1_eff_global_rf,KG20C,0.0062288583530121,0.0371428507539759,0.0376424267163519,0.0275962393227569,0.0306823249618415,0.063418984026073,0.0554859028771377,0.0671415359767426,0.061948164400414,0.0624080016738426,0.0548463768012972,0.0504586098309018,0.0508219535870337,0.0518036092619682,0.0509894116072546,0.0500443516057949,0.0536233452087988,0.0525409282986426,0.0472945047717536,0.0477358903860891,0.0477126697531757,0.0482128648188617,0.0453128688322563,0.0474442347927317,0.0468939886427544,0.0471856787833733,0.0509532392651652,0.0481390053601118,0.0461283166532635,0.0447565654532373,0.0414543322001357,0.0391287437785392,0.0396445144622705,0.0393326269305793,0.0410781742900676,0.0403864328924692,0.042321288249334,0.042315972610927,0.0417373238305189,0.0411598551803598,0.0417288270705797,0.0378001083981793,0.0380839206914662,0.0402757472950461,0.0382214131428728,0.038252427930407,0.038636980908147,0.0383212025083017,0.0357205899058634,0.0335983049479202
balanced1_eff_global_rf,WN18RR,0.0194034897727437,0.0197994245237926,0.0163887675591944,0.0160713911887582,0.010843595910754,0.0092270397275737,0.0070644092035001,0.0065725912289618,0.0058756787661111,0.0070131005725497,0.0070378140710061,0.007621719521111,0.0075807942895691,0.0077573488927746,0.0072197441370289,0.0081909870690493,0.0076478426274373,0.0072740317914252,0.006812415689368,0.006561490367007,0.0062580040399842,0.0059712581031496,0.0058349072337102,0.0056090074206747,0.0053988236942763,0.0052056449971862,0.0050241480526971,0.0048791705036568,0.004910360260903,0.004804559181553,0.0046453803395756,0.0039305433720413,0.0037367410307329,0.00357258237461,0.0037517692705428,0.0036661146336978,0.0037937519723887,0.0039360285516307,0.0040067845146067,0.0041055140934829,0.0041350255053713,0.0042008949042879,0.0042826856208593,0.0042298534516564,0.0042599481559042,0.0042786618274814,0.0042868484290408,0.0041398206626057,0.004104098938821,0.0041565388272568
balanced1_eff_global_rf,YAGO3-10,0.0748133781889635,0.0750402975867812,0.0757935079350371,0.0886653899213278,0.0826420636496276,0.0830920791779312,0.0783489739597858,0.0702031594261964,0.063134579557446,0.0552241445599304,0.0535911693240374,0.0500935594242066,0.0479737328963678,0.0446206432764033,0.0444956661478668,0.0443983644018133,0.0412873137200244,0.0386821539702204,0.0395162802332733,0.0385329290505047,0.0371116650815308,0.0372153359501412,0.0356108513965613,0.0352982161336761,0.0361775574598521,0.0360248070210771,0.037195725077993,0.0365096345399651,0.0364877150475577,0.0363736148934883,0.0354540142698651,0.0357366034628854,0.0352029593478249,0.0341210665537865,0.0349052675820216,0.0348762326024667,0.0350881379452294,0.0350074770334947,0.0347861478349296,0.0346245531045279,0.0341237669572491,0.0339512868020048,0.0340623692720252,0.0343118673390963,0.034135271805662,0.0344922997533896,0.0353016190540824,0.0349729041304212,0.0339128622505424,0.0330330397451521
balanced1_eff_global_rf,codex-l,0.0060296078468213,0.0196670269334822,0.030442487934319,0.0238752902716175,0.0198101655695357,0.0153256556838414,0.017292358541521,0.019227582812711,0.0220040864136514,0.0222751123401721,0.0227612775685444,0.0237343356036305,0.023022672706745,0.0228094432490515,0.0223149195414309,0.0198476775773805,0.0191544706491644,0.0190008764428535,0.0197638325810021,0.0195450400160457,0.0190253063738203,0.0180211096052429,0.0179638858185819,0.0178362198854997,0.0178357579027026,0.0174730895065404,0.0174133736185333,0.0167963056443123,0.016730178292962,0.0160610537947885,0.0156122072095277,0.0155284594353042,0.0155905317084024,0.0154189920046379,0.0153725919716238,0.0152230551842171,0.0151517001233172,0.0148377009315685,0.0152885801103439,0.0152680392834343,0.0155187451637008,0.015624613606415,0.0156415512812391,0.015889644456283,0.0157817670630378,0.0155157097741611,0.0154709193690441,0.0154608484961722,0.0153863587982976,0.0149772581335478
balanced1_eff_global_rf,codex-m,0.276620073821294,0.127471625708476,0.0903062177348739,0.0651032556517956,0.0553719424908702,0.0478463727032774,0.0452415896693449,0.0426771840645623,0.0411045900085178,0.0375175358372776,0.0350718839436323,0.0350261649447272,0.0340338918870417,0.0345511348180405,0.0295911091244107,0.0273829711605098,0.0261132416142286,0.0258508396883929,0.0238249055584851,0.0206639429281574,0.0191226052606969,0.0175559302384824,0.0163999343033902,0.0144925420048642,0.0134072454657523,0.0121426504714201,0.0116250248380493,0.0117814516691809,0.0108008506486974,0.0103059783604022,0.0104644146303918,0.0095225368899445,0.0092085818839935,0.008986034735009,0.0085989316060504,0.0082471319991412,0.0078485231226677,0.007634565941325,0.0072395354063798,0.0073254569902914,0.0078311769572669,0.0077410647893274,0.0080816811585158,0.0080529482827513,0.0080813396075027,0.0082951703030897,0.0082195371561935,0.0081680437515145,0.0078461073708318,0.0075604315685127
balanced1_eff_global_rf,hetionet,0.3578789875756698,0.2402212894123185,0.1941376754323469,0.1705700328211559,0.1543083281322779,0.1457274868178615,0.1389416709122599,0.1336400350493298,0.1293650118786813,0.1257099503583216,0.122438509032251,0.1196805922541803,0.1169022822069569,0.1143135535244255,0.1125262043936003,0.1105394218174919,0.1080305699607127,0.1055434202095662,0.1030516034274544,0.1008921768029855,0.0974768794565619,0.0944602409915993,0.0921728318148784,0.0903938612811892,0.0887114981723296,0.0867080383464096,0.084935565495287,0.0835103529056244,0.0818485384382481,0.0799149483728431,0.0777840805208391,0.0760056820391987,0.0746869565596237,0.0733504597880239,0.0722390495930489,0.070796950718031,0.0692103594524584,0.0677863176941624,0.066310396669392,0.0648231734494464,0.0630883583812278,0.061752136624241,0.0601719843316599,0.0594355610074317,0.0582602780088024,0.0563016029358465,0.054870836986413,0.0529771333138551,0.0498604619091727,0.0459109677012161
balanced1_eff_rf,FB15k-237,0.1668011539345151,0.0900377787741186,0.0619149135296841,0.0497217363174977,0.0428994335383241,0.0363394359988411,0.0323907663473197,0.0304456282041001,0.0297457089346795,0.0279854794009204,0.0269411398120631,0.0257855661140866,0.0246946949406958,0.0241814806904625,0.0223260729169718,0.021779366347149,0.0208960314712847,0.020524658600654,0.0196348981295892,0.0188263574949723,0.0187258228675253,0.0187295475264008,0.0175345276652834,0.0171644851830246,0.0167175117908711,0.0172213960995115,0.0169899121742191,0.0159145725721896,0.0147657606126003,0.0146146847861989,0.0145294772233306,0.0143459646956745,0.0144139893104955,0.0142749818049778,0.0138358957209772,0.013594960914371,0.0135348842006042,0.0133449604082613,0.0132491893952686,0.0131541097809697,0.0129687308656671,0.0126513907135004,0.0123867269912967,0.0122457382960068,0.0118306322383159,0.0111036981917413,0.0106079744789497,0.0101209698537203,0.0098070339714442,0.0091863930002082
balanced1_eff_rf,KG20C,0.0354942049315454,-0.0098970346483743,-0.0087530694394422,-0.0018713054163721,0.0056314633784833,0.0102207174502151,0.011884976665007,0.0116310995784711,0.0196995372425725,0.0165981567403823,0.0160623883458739,0.0183122095482319,0.0209893190718326,0.0270426542644732,0.028110785948924,0.0278518119118404,0.0297097850629179,0.0319159590698536,0.0273488990478403,0.0288382860858349,0.0312410806284064,0.0312279401569457,0.0322586373747406,0.0336993300124295,0.0335045067312347,0.0324741470033627,0.0307904571447252,0.0308782716812439,0.0353024863544044,0.036333733533691,0.0352416694989932,0.0334607087341534,0.0363380341472563,0.0375418053874729,0.040448568563044,0.03882496060906,0.0391371600866523,0.0385191581972073,0.0373346357359085,0.0356724245369823,0.0357177226720166,0.0351055388035033,0.035665240881221,0.0364512566369572,0.0363834598223771,0.0373166834833347,0.0354637617678481,0.0328549622192595,0.032803886404862,0.0335983049479202
balanced1_eff_rf,WN18RR,0.0125731442409537,0.0163029246551547,0.0067898021004451,0.0080858767055373,0.010232926089692,0.013718150273734,0.0121917019925748,0.0115932456701806,0.0137154684050269,0.0122309364518244,0.0118328902269979,0.0108093935778523,0.0105907573270476,0.0104660365806028,0.0104042749580464,0.0102051882714557,0.0102880856091316,0.0105510351111903,0.0104113396513161,0.0104958915965609,0.010567559670398,0.0108135674293701,0.0105260047224085,0.010568578248719,0.0104613669152864,0.0106601149275737,0.0097631198713894,0.0095280729135784,0.0088172512579991,0.0086547808694299,0.0082831432048893,0.0080156586042732,0.007644918189323,0.0071256719364172,0.006742732590343,0.0062614165593208,0.0059534587052676,0.0056502146791734,0.0054420739833505,0.0052791594124093,0.0050138359528311,0.0048148935304999,0.0045876286688204,0.0043808474293907,0.0041904080876893,0.0041702151666933,0.0043978024331425,0.0043549622809957,0.0044107054515771,0.0041565388272568
balanced1_eff_rf,YAGO3-10,0.0367212616804619,0.0734740214530684,0.0879788772377456,0.0722216216572402,0.0580084142141581,0.0542079237802941,0.0555936025240149,0.0532579521864304,0.0586811017278829,0.0573110141755839,0.055766891214267,0.0581474315663188,0.059591114109855,0.0601267165333383,0.0588398775502716,0.056809863065349,0.05565644179668,0.0546223283838551,0.0537235917264149,0.0548739038133399,0.0533311205376878,0.0522480798782787,0.0513407145121922,0.0501187998811378,0.0483272457226446,0.0467836995675707,0.0465622684056024,0.0457226829256676,0.043995893505446,0.0431567774961567,0.0412340312681567,0.040472003386347,0.0392725745216804,0.038325411735451,0.0377957604129257,0.0365269517985031,0.0366492283003274,0.0359953515695257,0.0360503624132098,0.0354842980450635,0.0356085937985803,0.035613165334265,0.0352894702983757,0.0352722077740104,0.0346960939955809,0.0335611478422579,0.0333935058762688,0.0333294571735744,0.032635991722598,0.0330330397451519
balanced1_eff_rf,codex-l,0.1026204704029765,0.0556664508446336,0.0454300734903228,0.038873536738387,0.0335906544373494,0.0290744519383936,0.0274490106733789,0.0257421299207627,0.0246761722311947,0.0240169998871879,0.0253657345446354,0.024577967677281,0.0251752445343425,0.0247193995169485,0.0250850573764926,0.0248005285669139,0.0244373394355525,0.0240106223402327,0.0242534060155084,0.0237626987266155,0.0233493753407409,0.022677956959505,0.0219988121132359,0.0219204239247359,0.0214064234808044,0.0209086764189287,0.0203805198023587,0.0201102551262699,0.0201082824580731,0.019952053420182,0.019943817887307,0.0196619352995555,0.0194965348203599,0.0193798176506208,0.0189978677065445,0.0186513569805104,0.0181547306274689,0.0178451449637562,0.017454424614308,0.0173374852644674,0.0168386432424867,0.0167149908463675,0.0167561588461735,0.0166394849915532,0.016458913088744,0.016371751644657,0.0160443202711688,0.0157380689791573,0.0157813035626417,0.0149772581335478
balanced1_eff_rf,codex-m,0.2418456615093049,0.0934766286360817,0.0694022618254759,0.0502402407976454,0.0435258958434747,0.0419655819678652,0.0373649874153809,0.0344937078108893,0.0341529131032327,0.0312346429551475,0.0287953183013605,0.027499210954353,0.0258150210019907,0.0264639632449223,0.0243102952145182,0.0250411221007054,0.0247733413348303,0.0238488020022809,0.0232254266009848,0.0220511941366605,0.0213354661846068,0.0208413488352348,0.019816027315465,0.0184541539593843,0.0187578604441049,0.0181052750341303,0.0175521735122297,0.0166142850160593,0.016635299449228,0.0157760002030624,0.0152111553159643,0.0146558532347991,0.0138822839484105,0.013126635158102,0.0129056453707918,0.0123445932492269,0.0113255637892979,0.0106272164120166,0.0103932431447177,0.0103050302150196,0.0097224414566381,0.0095219658419427,0.0091836364811483,0.0088780966961996,0.0087690387736936,0.0084818423042833,0.0080642404534885,0.0076366865246912,0.0076731312816469,0.0075604315685127
balanced1_eff_rf,hetionet,0.4005653878339801,0.2659493366849557,0.2102340325911789,0.1833796880376408,0.1668391776544766,0.1564808500519188,0.1489281211821189,0.1424789000603197,0.1380839575127515,0.1340847784327821,0.1297223982658346,0.1255026502039526,0.1222253461402069,0.1194260845186887,0.1161597030525589,0.1139191440784337,0.1122159858032756,0.1089205404650965,0.1064403571484844,0.1038299619361362,0.1008736730520869,0.0983875927689728,0.0953763919943664,0.0929447165463956,0.0906522764136925,0.0884555046242909,0.0864298559846792,0.0847039914977276,0.0829657193936019,0.081303584048163,0.0788272144358601,0.076369769042174,0.0742003922091518,0.0727703166969471,0.0711657208738483,0.0695725576858004,0.0685172772144613,0.0675094370722315,0.0666693512798775,0.065599541574802,0.0639068323241134,0.0623597503263821,0.0610073041741543,0.0600436653632021,0.0589809589127272,0.0579494874242929,0.0558408729178443,0.05410416742917,0.0515579113978612,0.0459109677012161
balanced1_max_global_rf,FB15k-237,0.0658784445795368,0.048531387031822,0.0396371972089688,0.0371599784460687,0.0432996220526029,0.0401411674045584,0.0456771598805894,0.0422962731753819,0.0413719688516551,0.038308448185258,0.038100976001193,0.0387422991308219,0.0380557235049678,0.0378441734875554,0.0348678495144865,0.0333515084684095,0.0322005461455121,0.0295667486512436,0.0281483102890971,0.02597363310046,0.0245422134961412,0.0231024023804344,0.0222224613196884,0.0210177774931643,0.0197803801006726,0.0188560819543317,0.0180773432575858,0.0170485121763364,0.0162832098694682,0.0158570712253887,0.015412468552187,0.0148368334388111,0.014310453757979,0.0139952565927885,0.0135332164112342,0.0132543091096157,0.0129445260351135,0.0126121204023346,0.0122712351382889,0.011930643460813,0.0115621895346216,0.0112727986747165,0.010834164004591,0.01091483244449,0.0105809957160336,0.0102672140274713,0.0101041091748694,0.0098614695288943,0.0097016465320174,0.0091863930002087
balanced1_max_global_rf,KG20C,0.02794203678396,0.007330904032649,0.0278230963328283,0.047589446915337,0.0509933638848187,0.0439414529669768,0.0392946552584931,0.0427222493634495,0.0344542741637603,0.0330120504370892,0.0341786787033828,0.038960858289768,0.0394127579084784,0.0406235199908813,0.0451752821133879,0.0477094648177787,0.0475587258730199,0.047880306670003,0.0526147790168252,0.0577196422890136,0.0600529640374309,0.0613900339329029,0.0657862999190912,0.0641312061617618,0.0642796916163348,0.0651593264000396,0.0654451393484671,0.0682720460116579,0.0679443702504716,0.0624210910565279,0.0631905240692007,0.0613040217952765,0.0551175190214365,0.0524104494138295,0.0523746029651306,0.0521899751486665,0.0486995911232541,0.0459455312313585,0.0438318813610076,0.0442504729939789,0.0418547077142485,0.0396772180192019,0.0388347382174603,0.0384224006949873,0.0374294766990059,0.0362504577128917,0.0343378910520528,0.0359190228034027,0.034876786175978,0.03359830494792
balanced1_max_global_rf,WN18RR,0.0521906123606261,0.0386983664964442,0.0240762258241982,0.0269430684595866,0.0243185051939285,0.0226436834045899,0.018680059468864,0.014236678632002,0.0115536807822911,0.0098497916193966,0.0090970040933899,0.009042660593727,0.0087334675228756,0.0086590463954849,0.0073363053758253,0.0074040730693256,0.0065632400790405,0.0059083121356278,0.0054974264941145,0.0053865168332625,0.0053931144020078,0.0054028056737023,0.0057800555657165,0.0057520492779923,0.0058357104678812,0.0054113147400398,0.0050514314703882,0.004818759240962,0.0048228539481067,0.005013197561172,0.0050361140388786,0.0047293523362603,0.0052856597154593,0.004989098207887,0.0047313098944368,0.0044919594185075,0.0042752452132381,0.0042369804576658,0.0042284896982645,0.004215649706005,0.0042553572720192,0.0044857262768867,0.0045521499932461,0.0043620314312762,0.0041862730978141,0.0040440765890095,0.0040955618681521,0.004104705797183,0.0040921208817823,0.004156538827257
balanced1_max_global_rf,YAGO3-10,0.131261597268389,0.0990888259926066,0.0885121979977141,0.0917493336812187,0.0777816584220267,0.0728164565075719,0.0774447581323563,0.0737033789658376,0.0660250171560135,0.0663289276051239,0.0631559606310219,0.0593494644255374,0.0580705111988075,0.0542587467329549,0.0506425960855547,0.0535303674315799,0.0531593182436274,0.0516341646895714,0.0508760385179802,0.0513678112917104,0.0508218371138777,0.0506574807792117,0.0494890504497749,0.0506614573234214,0.0496896420928714,0.0495387705142327,0.0494837639283387,0.0484669646933511,0.0477968495282687,0.0460783131462556,0.0450805290359213,0.0445223720761143,0.044252841696877,0.0429763451983453,0.0412012974504751,0.0406338612472747,0.0401740058499562,0.0390672313668327,0.0389372717548974,0.0382058567261149,0.0376533856699119,0.0375773108498702,0.0369876745314474,0.0361494742244119,0.0357913517125298,0.0353339229612292,0.0347664974195738,0.0343402074633365,0.0335126040989239,0.0330330397451519
balanced1_max_global_rf,codex-l,0.019184485676438,0.0278103007658012,0.0261108936667571,0.0223296089009836,0.0188584685863655,0.0158989238729736,0.0151938498935892,0.0144308940931545,0.014051335047204,0.0135445244340293,0.0150079389100361,0.015422580923261,0.0162110206397216,0.0163811540286471,0.0169809009605108,0.0171544653492923,0.0172992360991528,0.0170426871296349,0.0170835925528622,0.0166076224661948,0.0161258630309806,0.0160127217861383,0.0156311517976612,0.0156404570764574,0.0156138239984311,0.0155068555798001,0.0151537794328944,0.01497588515849,0.0159303867304148,0.0150422364040943,0.0151369791860476,0.0149096934048014,0.0148809059124042,0.0147335171103979,0.0156101045240644,0.0153545050412295,0.0152686934221077,0.0149249565144735,0.0149611960057762,0.0155173632132485,0.0156886218127105,0.0157459264249741,0.0155146920365936,0.0155168197022992,0.0153292055579541,0.0152891751063075,0.0151716408221431,0.0151815539294495,0.015171582610213,0.0149772581335478
balanced1_max_global_rf,codex-m,0.0055603765113292,0.0062155997315687,0.0097245547771662,0.0082107850587993,0.0100791828252757,0.0109951107371291,0.0091016851410101,0.0071209414866273,0.007723145502313,0.0077928887717575,0.0085326076032554,0.0074727374947471,0.0078458601072612,0.0076046752406793,0.0081157537325757,0.0092281621635084,0.0092567768321825,0.0093135831794859,0.008442431048907,0.0075531253111864,0.0075049461514575,0.0068607416520447,0.0082152733352685,0.0093524571147132,0.009395370324732,0.0084686351491223,0.0079242657604921,0.0075046624677594,0.0076667407333042,0.0076433120478476,0.0088750889074178,0.0088238369948336,0.0084240744458383,0.008317014256971,0.00784121974345,0.0080167142134768,0.0076696361863548,0.0078971705742201,0.0079005828498182,0.0077895149747302,0.0072437282831523,0.0067879294455877,0.0069526318401844,0.0071191861627701,0.0078401027900183,0.0079797201625584,0.0079745817517697,0.0078411876347788,0.0077019714044253,0.0075604315685129
balanced1_max_global_rf,hetionet,0.3204837049577973,0.227684650811005,0.1857327141422851,0.1648936483073761,0.1492979082154295,0.1383953948592988,0.1285462979749096,0.120641943753458,0.1149365733729668,0.1091789176626809,0.1050894484602256,0.101041961299261,0.0972154290256783,0.0934898085895745,0.0889315871917406,0.084819720177351,0.0809477310276542,0.0771686646696625,0.0738063814643508,0.0743144062268639,0.0737273941794804,0.0698794869755548,0.0682103345662976,0.0671636693469204,0.0658414160055462,0.0664377325645371,0.0657070546292404,0.0620890149647228,0.0609303217740317,0.0602026615017676,0.0592593669083809,0.0602278435639025,0.0597025672293849,0.0572351437312068,0.0560544891267151,0.0553823195224512,0.0546376877892396,0.0555917329892048,0.0550223886864453,0.0529392459777253,0.0519508784709261,0.0513157806861375,0.050800854391501,0.0514526334300193,0.0509471666772944,0.0495503219140753,0.0487011226891769,0.0482654479748285,0.0477119576035112,0.0459109677012161
balanced1_syn_global_rf,FB15k-237,0.0409749500703189,0.039126818416326,0.0393181842545762,0.038402466762982,0.041479750902212,0.0460537539165701,0.0462230412087858,0.0428117524310096,0.0365343943354108,0.0357432553911913,0.0359520694531481,0.0311398641190572,0.0282064764669298,0.0273694124873622,0.0269623993683476,0.0270031142498394,0.0266241501849051,0.0255016571989492,0.0234923492425387,0.0217983457137425,0.0207627132234236,0.0203559555887711,0.0194728129231913,0.0184963546540335,0.0178932909990192,0.01703105964036,0.0164046990064565,0.0159935001274653,0.0153841966165482,0.0146938000443122,0.0142706404816024,0.0136605573541637,0.0133579986857288,0.0131559609773714,0.0127826453768551,0.0123698927210109,0.012030082934862,0.0116537131622582,0.0114320871558339,0.0114602425611696,0.0111757848260394,0.0107598918581997,0.0104482081169048,0.0102228250851392,0.0099856749421798,0.0101666370498503,0.0099404890651273,0.0096875757479277,0.0094475413916574,0.0091863930002085
balanced1_syn_global_rf,KG20C,0.1280579982574046,0.0644634760717886,0.0569447700727727,0.0739331721787401,0.0834779930430869,0.0765938320230699,0.0720215025509882,0.0688772575899248,0.0653279161484265,0.0688857107104239,0.0648948691050186,0.0649623541802559,0.0582718697187216,0.0446495588006337,0.0542166871204548,0.0568699298947277,0.0586472075486346,0.064831888601355,0.0656985603921391,0.0655820739075048,0.0609967016111614,0.0567447217784686,0.0547795856903337,0.0568150769504107,0.0584434647168596,0.0610992775193199,0.0597550100365855,0.0627407619826487,0.0626460455842978,0.0657241479288861,0.0657203391937655,0.0628121926128086,0.0639482658550036,0.0590023973353988,0.0545558190523085,0.052929532532099,0.0509565200833526,0.0478384040147727,0.045526223831342,0.0454039086905886,0.0452370831199104,0.0425398831989476,0.0409244257243586,0.0415200073357209,0.0396925351762538,0.0366186678541646,0.0354952443461111,0.0354008722557497,0.0345163005505075,0.0335983049479202
balanced1_syn_global_rf,WN18RR,0.0386262263680659,0.0263820786001516,0.0243735776222682,0.018355436120365,0.0163515101460405,0.0203167456767434,0.0181675045419378,0.0136187542012624,0.010941783387744,0.0090959042134042,0.0083677554193142,0.0083445845820042,0.0081450434758976,0.0081016516802787,0.0081552140249694,0.0083426937696418,0.007416149148137,0.006672737328945,0.0060686162674266,0.0058155580895098,0.005821419254699,0.0058068193556439,0.0058145112454088,0.0061955013561079,0.0059145822506918,0.0054834173213476,0.0051150891359001,0.0047830728120838,0.0043865901713537,0.0043970580377354,0.0044388442910396,0.0044718630157221,0.0048049559014868,0.0051085039739517,0.0048349468749737,0.0045923912610199,0.0043763054142202,0.0043609822874695,0.0043727037684608,0.0044586811265607,0.0044656975651744,0.0046059043206336,0.0046835626655532,0.0044803931015615,0.0043027112748388,0.004137209558453,0.0041553359640471,0.0041655048327553,0.0041455349388235,0.004156538827257
balanced1_syn_global_rf,YAGO3-10,0.0819681148744817,0.0794475776475633,0.0632550166051411,0.0571454372805972,0.0628933244256608,0.0641308626633818,0.0555159029152738,0.0531318389482113,0.0530028109431215,0.0526631605693217,0.0532873871171977,0.0541992186530484,0.0562604345422692,0.0558994617983452,0.0524660493635962,0.0489062113828564,0.0482537939586997,0.0463289199007224,0.0436500126864574,0.0439356788021549,0.0439135130133236,0.042822934984573,0.0423974147377959,0.0426231902728124,0.0419029025900377,0.0421341124013641,0.041696427871962,0.0402720580425981,0.0394923665506081,0.0389190562278387,0.0385112198164561,0.0389789424304221,0.0385818759163181,0.0381377747737494,0.0382438442668311,0.0367960991028515,0.0366608106832309,0.036341230044373,0.036115207842627,0.0360355866264938,0.035620550668133,0.035183713899707,0.0351037763444832,0.0347966666552514,0.0343411588808648,0.0340276224430042,0.0337159582323989,0.0333435347571122,0.0329895153103085,0.0330330397451519
balanced1_syn_global_rf,codex-l,0.0236275137559633,0.0335983029572166,0.0419733260853205,0.039827372150339,0.0342105720116237,0.0306492015538253,0.029094447400245,0.0282232937958697,0.0287037939575822,0.0268930182322455,0.0265661733659605,0.0259079465297364,0.025564815410719,0.0253301296994223,0.0241255403215812,0.0230229295074322,0.0226099443789904,0.0213889880184825,0.0205647780421591,0.0197990762628907,0.0189487252952773,0.0184618427542277,0.0180207874939024,0.0174177436856772,0.0173684343151059,0.0167650386950839,0.0166530243071127,0.0160532712663727,0.0156140047705883,0.0158582302285037,0.0157235557499142,0.0156340164078898,0.01569892324384,0.0151506665348402,0.0152120960406036,0.0150567964842869,0.0148447647839204,0.0151837642890344,0.0152502141882016,0.0152254859661924,0.0154953671292503,0.0155407215323839,0.015255737646409,0.0154777313440381,0.0152221541745585,0.0150944403344899,0.0156406099325792,0.0151882147132318,0.0152464001182126,0.0149772581335478
balanced1_syn_global_rf,codex-m,0.0143638063857765,0.0012673510373617,0.0023839913207703,0.0022072103161294,0.0036604555309727,0.0032507691059389,0.0026870017262696,0.0024855456997896,0.0041032880577078,0.004965184982113,0.0065256572898577,0.0066418499033924,0.0077495444739315,0.0077501959435588,0.0073027145764841,0.0079207785041004,0.0091299099736832,0.009175821756288,0.0090721444957049,0.0083990336293662,0.0073164242193688,0.0068922305439234,0.0069991827431079,0.0076905294240245,0.0076546460121524,0.0076898504906315,0.0068260759678409,0.006481896387102,0.0063560934202213,0.006488036306435,0.0076559358562524,0.0077441369981454,0.0073094780284983,0.0069042498585383,0.0068331373232715,0.0067803638459917,0.0069096723882713,0.0079904861621686,0.0082409636285081,0.0080032044052651,0.0078374404233731,0.0075511898582756,0.0075701698603156,0.0073503629784965,0.0079152950455676,0.0079864078298368,0.0078887633446891,0.0076097641779944,0.0075898016640605,0.0075604315685127
balanced1_syn_global_rf,hetionet,0.2558086551162244,0.2126368975019898,0.1981191716542043,0.1880968252052273,0.1737323276862292,0.1666787280570485,0.1608761719566906,0.156534487536051,0.1530069574139934,0.1456128261409399,0.1405817482504443,0.1279087170673056,0.1184991623480755,0.1108991240552395,0.1044145742716324,0.0995422207876706,0.0958554937306264,0.0922052367510495,0.0895520112196064,0.086316525522073,0.0828570213996773,0.0824457254483488,0.0798298407375597,0.0766646937250281,0.075341835762537,0.074052768570235,0.0732108440935173,0.0727329555298554,0.0692025213816955,0.0677558149590804,0.0669099962574892,0.065848813599713,0.0655733014413133,0.0639843666720259,0.0617185091186864,0.0606393495748069,0.059861584301968,0.0593766783583347,0.0589982522960161,0.0569064525135254,0.055736169511223,0.0550498096884655,0.0542549399984098,0.0541306788422346,0.0531425676811145,0.0515927485251992,0.0509486479501601,0.0503287073274665,0.0493373496863822,0.0459109677012161
balanced1_topk_global_rf,FB15k-237,0.0092734883129934,0.0146084498015683,0.023530568507015,0.0250010399902282,0.018764382935476,0.0172236181142284,0.0157231410766962,0.0149409051661713,0.0145105939108982,0.0133071800855775,0.0123042791225533,0.0117171778236542,0.0111046296993411,0.0106603025932467,0.0102233518279224,0.0090729269993321,0.0083347778869276,0.0080460203973085,0.0077641256703582,0.0078583377851928,0.0079760485307023,0.0079426887553843,0.0081394513694028,0.0078539558474661,0.0083223473783211,0.0095862413719451,0.009194875380116,0.0093422878133113,0.0094831686718943,0.0096494517748826,0.0090788922999198,0.0091389775478756,0.0092121827543094,0.009554297252432,0.0097930308408529,0.0098237360584172,0.0096663900014088,0.0099843903404914,0.0100417100288985,0.0099445986400104,0.0101164033636813,0.0101405420723059,0.0101953732772188,0.0098690621329917,0.0096323791769568,0.009614871517793,0.0096383380644531,0.0093922225569418,0.0092262360895027,0.0091863930002082
balanced1_topk_global_rf,KG20C,0.0089133434600221,0.0097538518742041,0.0156963896663464,0.0027261879877382,0.0045801063030279,0.0096525755423457,0.0209466109897782,0.0162393584172149,0.0132597720139664,0.0089632235650123,0.0179157786909129,0.0174027537945693,0.0208617480878106,0.0164641461255403,0.0186413341870457,0.0179524336757126,0.0201467274070636,0.0189353992516057,0.0183379207265339,0.0156878766853565,0.0146505968379506,0.0132461812548116,0.0124809585495393,0.0145508149858062,0.017014569729375,0.0177838287408318,0.0189867732453459,0.0212127897401985,0.0210895929605778,0.0223796819617532,0.0237014580901306,0.0233875705211987,0.024367926760733,0.0234247421729685,0.0234694247421245,0.023410594074857,0.0231661801665943,0.0248809200301869,0.02430241302892,0.0259642687176571,0.0283426561726303,0.0281737216553659,0.0268030572132502,0.0280892318182643,0.0286155359892619,0.0300785930648599,0.0314741160561746,0.032691987424404,0.0324293089634901,0.03359830494792
balanced1_topk_global_rf,WN18RR,0.0030357978129558,0.0006255117324582,0.0007025350261702,0.0005731273010496,0.0006165332321568,0.0009130917068189,0.0007664267309763,0.0006608238945609,0.0005970005070523,0.0007185921231427,0.0007940138040753,0.0007853920242109,0.0007601975767665,0.0007410620661141,0.0007304984552833,0.0007547935141238,0.0008495686096032,0.0012746355845316,0.0013746601549771,0.001681533949456,0.0018473580051401,0.0023492242557778,0.0025088535254744,0.0029998180844323,0.0032174543621601,0.0034116013512361,0.0037133334284389,0.0034457848730551,0.0036564924003361,0.0038749375315016,0.0038738767301151,0.0042358643598017,0.0041736370320784,0.00424226133985,0.0043158776971365,0.0043969569146076,0.0044460977774745,0.004610375552023,0.0045224713563487,0.0045651700594291,0.0045287459888059,0.0043165952751351,0.0043304373015597,0.0044152224271734,0.0041536538709359,0.00414211788169,0.0039865584982021,0.0039852646295917,0.0040543500495942,0.0041565388272568
balanced1_topk_global_rf,YAGO3-10,0.0872303270384424,0.0733339822025997,0.0805273441498619,0.0777997852393936,0.0835350156034551,0.0688138008934469,0.0628616412130236,0.0547364764590794,0.0517509110750895,0.0479692762176127,0.0453560569959106,0.043231340239634,0.0438141956200024,0.0414548939146548,0.0377539701114122,0.03581627981233,0.0343425064887716,0.0323001039963237,0.030979755230138,0.0326292093947817,0.0317425955808587,0.0308858207054187,0.0295724953655192,0.0297099223045931,0.0291097295530993,0.0289099873429632,0.0280893876521857,0.0282972037227304,0.0280826443377502,0.0294343493474393,0.0300600918310558,0.0304277006177335,0.0310311019195046,0.031750021364268,0.0320219686563567,0.0325260240426159,0.032469725774207,0.0335497264902158,0.0340744768050689,0.0347094337336537,0.0337822844496915,0.0339006385061462,0.0343690511158452,0.0351592394498467,0.0353282275388111,0.0347756433333794,0.0341552745820461,0.0336796561844581,0.033484664688707,0.0330330397451519
balanced1_topk_global_rf,codex-l,0.0565561730427384,0.0335606149667522,0.0235221293313139,0.0194228255879471,0.0172838432187469,0.0153254055610057,0.0128858214774703,0.0110633250892273,0.0112942581095469,0.0105671707752574,0.0103905763707141,0.0108429340680111,0.0107638809705008,0.0114316302611021,0.0114766925017564,0.0117027735140973,0.0122139850350324,0.0119630599981221,0.0125797142853654,0.0122617962156825,0.0126928857893668,0.0127357315151703,0.0131291660493362,0.0138523463246196,0.0143071835460319,0.0145189855476275,0.0149018771667477,0.0150855507678788,0.0155630063387426,0.0153857898305427,0.0160887255367507,0.0163515109682756,0.0164488422848483,0.0163871307943113,0.0160957618525598,0.0160329632727891,0.015968502788372,0.0159081585100395,0.0157165863186421,0.0157987734558637,0.0157889061753568,0.0160949209137977,0.0161314895848005,0.0162046643478954,0.0161575319297411,0.0162299435856201,0.0159382136725878,0.015923654731712,0.0157520110929643,0.0149772581335478
balanced1_topk_global_rf,codex-m,0.0103942077691332,0.0286687118695967,0.0193307077297999,0.0152790177634856,0.0213251831491427,0.0211744935566571,0.0176203818692781,0.0166279186519402,0.0148659244858724,0.0157346590119866,0.0151498408436929,0.0141496038073654,0.0133723554547848,0.0117606979937499,0.01073557808277,0.0098793383799669,0.0091895741383887,0.0090011169656407,0.0089731075769838,0.00865835515848,0.0081454618195313,0.0075025104036594,0.0077412715652511,0.0074376436008074,0.0072337573125473,0.0071188162823627,0.0071363825298276,0.0071426784338739,0.0071881101891226,0.0069271318405899,0.0068028012201739,0.007066364426667,0.0066936965912463,0.0067403522016658,0.0067295415553345,0.0069274778166996,0.0071111193109654,0.0073599306155618,0.0076160530497519,0.0073674617753933,0.0075798838891119,0.0074989244572853,0.0075604013730985,0.007646738882981,0.0075400650310657,0.0077503641886087,0.0076251707275341,0.0075548733470625,0.0076877844505329,0.0075604315685127
balanced1_topk_global_rf,hetionet,0.3273782767621529,0.1948695014801078,0.1442901255826096,0.1232547922952476,0.1132449570786198,0.1016207461720961,0.0952913176370715,0.0883357560958895,0.0841392756525216,0.0823965246032365,0.0799563412437953,0.0780515673643538,0.0756989237509966,0.0728882667257955,0.0698240160349403,0.0674581415275741,0.0657015413200146,0.0641390138026161,0.0623745506528752,0.0607422789948224,0.0592393039790168,0.057932134409512,0.0576481201517686,0.0575862601219048,0.0572905714351956,0.0567827597358234,0.0567849156894753,0.0567963732962704,0.0562217805368041,0.0560087207794042,0.055833751792403,0.0559257973065476,0.055882709966293,0.0559305030867252,0.0558644579221707,0.0557642773074464,0.055587184920713,0.0552472410539559,0.0549990874446866,0.0548195468521828,0.0545768986765253,0.0543594227961516,0.0540408758181147,0.0537071988641832,0.0530347558248118,0.0520479476151696,0.051167065944458,0.0502291760917186,0.0490645365330408,0.0459109677012163
balanced2_syn_topk_global_rf,FB15k-237,0.0833886283991396,0.0675748499691051,0.0602914162183128,0.0540457960900495,0.0489835600373371,0.0441563208859192,0.0404928734396317,0.0371664095744563,0.0403589799903654,0.0448549602447549,0.0442926572888529,0.0391881320822671,0.0340282260774578,0.0304816311776385,0.0294789651991678,0.0271880017023851,0.0252531262470354,0.0249310543556626,0.0230302983452352,0.0225805941997956,0.0219803461075551,0.0207126045894709,0.0201168106307352,0.0190154327080955,0.0178505014909311,0.0172692129989928,0.0172051343811507,0.0168953442816748,0.0167660845444481,0.0162904388124831,0.0159741166787565,0.0153571954708964,0.0147405568240834,0.0142700776689683,0.0137838077092327,0.0133254911996942,0.0129094228671609,0.0122661712280289,0.0119034892973999,0.0115566065589429,0.0112959280240494,0.0110181824691386,0.0108005448867809,0.010529601468606,0.010304756000862,0.0100829451338662,0.0099103768900929,0.0097214796421705,0.0095140599054182,0.0091863930002085
balanced2_syn_topk_global_rf,KG20C,0.1209311217743309,0.1397961606592794,0.1228340722628609,0.1211753786260481,0.1048380003333451,0.0965284172348279,0.0863548853974849,0.0796094900143964,0.0751438495775909,0.0802746060305825,0.0835597466345718,0.084777536761343,0.0852070213631268,0.0877283552796679,0.0874742626746372,0.081960387189172,0.0854619533313498,0.0780126537035983,0.0741399054347733,0.0752119862490046,0.0759911247215825,0.0791507896809449,0.0792449257612484,0.0772916415394431,0.0752974620928965,0.0751628864185942,0.07314290014092,0.0694357417126276,0.0700388924416024,0.0692821213254706,0.0668496250851529,0.0619048117464902,0.0611428007607646,0.0617689049073211,0.0632605293288506,0.0637906895730864,0.0609099984372718,0.0589918238589479,0.0575462680692078,0.0545960262455784,0.0503749936253281,0.0490280562915428,0.0455001634280665,0.04334419047719,0.0408615335584818,0.0387856103542467,0.0371206483965413,0.0354308101087756,0.0345217314524182,0.0335983049479202
balanced2_syn_topk_global_rf,WN18RR,0.0356337899027083,0.0337443274158277,0.036645119833391,0.0295557819404292,0.0216485903386327,0.020300409646168,0.0188045585722449,0.0185954085537851,0.0182544064982532,0.0176017728979418,0.0172547658238917,0.0144492755248939,0.0142314629179587,0.0139615048165309,0.0138316001642095,0.0121852152015373,0.0120046077516615,0.0122810671288891,0.012190444541603,0.0114866911603825,0.0114183179652878,0.0112882102964706,0.0110715969841066,0.0104152340108136,0.0099447123050837,0.0092328708653393,0.0085828651149453,0.0082735649863163,0.0078150641012646,0.0075244305890906,0.0072121920834977,0.0069199413574927,0.0065937860036295,0.0061861937710294,0.0061294627174663,0.005914343813494,0.0057279995432848,0.005505132761808,0.0051575782135713,0.0050436092104515,0.0050040095100938,0.0049942129962665,0.0048474868861998,0.0045002937255778,0.0045495379060132,0.0044189362579902,0.0044581441210003,0.0043472449539629,0.004255976216269,0.0041565388272568
balanced2_syn_topk_global_rf,YAGO3-10,0.1312071771141427,0.0981535728065636,0.1013428886546559,0.0768946635167022,0.0862793652536821,0.0831777038060286,0.0820478106504312,0.0805867524755423,0.0825081588369187,0.0800905493003962,0.0755956430050932,0.0739705859093036,0.0724373588496218,0.0703006450986556,0.0667879247041063,0.0625066740845521,0.0626346190960962,0.0615387924355166,0.0585085035124823,0.0555160672201568,0.0523069736797681,0.050229258986602,0.0480774073385545,0.0469402394887992,0.0456937919858417,0.043297920394522,0.0421639999405942,0.041722945074327,0.041047816175441,0.040357969384595,0.0398548327275949,0.0395283859290933,0.039178568784699,0.0388943004320399,0.0378559211237352,0.0379699404855906,0.0370664966915248,0.0368280663656594,0.0367447008921246,0.0362781264888047,0.0355269257413548,0.0355123348359962,0.0351213296014412,0.0347279433537459,0.0344834468897774,0.0340208283628422,0.0337223096699756,0.0334387872205104,0.0332195151532934,0.0330330397451523
balanced2_syn_topk_global_rf,codex-l,0.1295794059922259,0.0990657878288536,0.0806595765452535,0.058894871130481,0.0517689978302595,0.0487967089992891,0.0450270469049163,0.0403487959335497,0.0370228309778588,0.0349658568688495,0.0325229378345754,0.0317808762014324,0.0308464337486891,0.0307291593996665,0.0297804116541315,0.0293263376339849,0.028410450660254,0.0263651281940702,0.0265502226435143,0.0253829464054771,0.0250561082485329,0.023435512298358,0.0238882440301808,0.0222445821159562,0.0208144955899858,0.0195567375234533,0.0195315730687979,0.0192438668618137,0.0190727855642003,0.0190310720807314,0.0188858651392118,0.019076631210855,0.0189136493199097,0.0186933571424214,0.0184978492464387,0.0184970708116463,0.018365344973436,0.0179997397087212,0.0175209783776153,0.0169809044558761,0.0166050677137303,0.0161964897300905,0.0160516748934864,0.0158320134449041,0.0156903253413003,0.0154384792506638,0.0155184638436529,0.015651014102239,0.0154313035615443,0.0149772581335478
balanced2_syn_topk_global_rf,codex-m,0.1430457575273265,0.0585414244730917,0.0436013024118813,0.035949902381474,0.0310911584198527,0.0288116361792276,0.0275318226081802,0.0238215347552577,0.0222812118185351,0.0210931857784195,0.0202992714051839,0.0178190667458517,0.0170591264629478,0.0159694588972512,0.0156209763701828,0.0152925253295794,0.0149817971442098,0.0142579252293482,0.0137509171429341,0.0131684895621,0.0127788523291223,0.0135275405048524,0.0140178945882256,0.0132914049457253,0.012893812043546,0.0130567273757009,0.0125321983845543,0.0124031313717754,0.0121791240864008,0.011368982708251,0.0109869575567917,0.0107134269243547,0.0103685627506155,0.00973571839378,0.0095890070847719,0.0094131227894114,0.009230627744835,0.0092485100200596,0.009345037747658,0.0087670237877039,0.0084798822884279,0.0084715158317816,0.0081618775894996,0.0081265690158998,0.008045337077658,0.0079873577403088,0.0078352087617328,0.0077886333904899,0.007887593936706,0.0075604315685129
balanced2_syn_topk_global_rf,hetionet,0.6833255575035739,0.5099831593601276,0.3883329798050134,0.321672026244806,0.2758705923430511,0.2415271986136649,0.2160749119176821,0.19474935333387,0.1771750206800091,0.1607259964453855,0.1444182927194328,0.1326495118168715,0.1224794200839844,0.114750901290626,0.109042436229358,0.1037414070033109,0.0981411341511675,0.0937562547842214,0.0893336770537218,0.085492535949591,0.0822800564856514,0.0787969864810569,0.0754139667288906,0.0729340512497416,0.0705003973175877,0.0680501826448867,0.0661682174383251,0.0644450085357772,0.0625544511491917,0.0608932093591358,0.05973151189544,0.0591816638013704,0.0587411951515182,0.0583520139026805,0.0579671512578194,0.0575621156349661,0.0571746539791859,0.0567601434277889,0.0563410401164661,0.0559068471539057,0.0554997918732302,0.0550986730660072,0.054754345197876,0.0542649455705241,0.0537167265035627,0.053026639593471,0.0515052978251726,0.0503180816797925,0.049101036195269,0.0459109677012161
balanced2_syn_topk_rf,FB15k-237,0.1374410317921963,0.1134836358134168,0.0966890334477745,0.0897860627440843,0.0725004304468788,0.0669952113838401,0.0621864893983947,0.0609821416269307,0.0591596082269174,0.0556644423240275,0.0525097241370708,0.0483315914928745,0.0459228498230541,0.0442297082468898,0.0418814359602157,0.0395542048307064,0.0355644874516998,0.0328103480765564,0.031335064577018,0.0298037539390079,0.0287799422121854,0.0272844303641206,0.0261952124093491,0.0246981015340581,0.0237189702735587,0.022485305177134,0.0214225939952179,0.0203169535874365,0.01928801934574,0.0181386563227341,0.0173734235202636,0.0166657656545101,0.0159551113981915,0.0153940734043516,0.0147649513754204,0.0143034007973235,0.0138615371179315,0.0133410931824657,0.0129639045023921,0.0127195410325071,0.012351529008308,0.0120137034098777,0.0116856636717601,0.0113360609692609,0.0110346835540786,0.0107942695092539,0.0105195333799223,0.0102589780158137,0.0096885146223861,0.0091863930002087
balanced2_syn_topk_rf,KG20C,0.2562653352685706,0.1155835154657793,0.110223385033626,0.1079456362726729,0.1092364700285275,0.0928345858254582,0.0910304996666151,0.0853362638617005,0.0886813742223118,0.0841521359733907,0.0767080626014209,0.0747201239719013,0.0708880106219003,0.0695705407060369,0.071043099809674,0.0703215390118316,0.0713962921650406,0.0678971756295285,0.0684308212140494,0.0697856355216726,0.0668137455616786,0.0681566420058263,0.0661617484456529,0.0645960528088565,0.0610352567169103,0.0626025548460544,0.0641919474391661,0.0623884066279949,0.0601556631020505,0.0623234782311179,0.0594487341087279,0.0583407074188269,0.0583840974277143,0.0539563544892442,0.05009467074646,0.049387792663937,0.0459487861723211,0.0443781218191403,0.0427888016783466,0.0416634282354817,0.0405697262163147,0.0392514780676132,0.0381386453512069,0.0370633202035342,0.0363682110496152,0.0351558204252508,0.0347067569167296,0.0336848299313705,0.0335543716113957,0.03359830494792
balanced2_syn_topk_rf,WN18RR,0.0216980247768683,0.0297121111770763,0.0236412780576682,0.0244729171455078,0.0223288927639129,0.0181348791127682,0.0183851167212556,0.0172336041466023,0.0178204075523571,0.0169160895404505,0.0164917491235305,0.0166320186791542,0.0164956547862851,0.0162686550675263,0.0155849594345436,0.0154145342917757,0.0148363206122685,0.0149605965185357,0.0148552349925594,0.0145875675670379,0.0145127984611579,0.0148396598079549,0.0149139483209921,0.0149707119574142,0.0147458626127678,0.0149828383362842,0.0150718175454636,0.0136452841940679,0.0132170274902874,0.0138708744007303,0.0133385556225655,0.0124771521861735,0.0107463390792887,0.0097474967276931,0.0088748978597741,0.0081662049742012,0.0075470300477051,0.0070457776911192,0.0065794075273895,0.0061533574018155,0.0057933095095523,0.005475734448715,0.0052077999169986,0.005007522754364,0.0047948440017162,0.0045786039982211,0.004379453638621,0.0042617992875548,0.0039965797404601,0.0041565388272568
balanced2_syn_topk_rf,YAGO3-10,0.20869735548441,0.1325213229209731,0.1290476912858269,0.1299466962555668,0.1408014977981992,0.1391659914813021,0.1333605593692379,0.1232228264641224,0.1081303480545154,0.0992108733766781,0.0914173203507464,0.087702187710585,0.0831396223531999,0.0843574511285158,0.081987892191399,0.0822634447519212,0.0819089262239811,0.0815451889630809,0.0798804888762145,0.0750238946477446,0.0699826527910514,0.0665392371339788,0.0634084740057605,0.0615631812566888,0.0582469394952513,0.0574906042810248,0.0558958739670905,0.0547224312394107,0.0531756766978528,0.0515298171352367,0.0500227680583471,0.0489070494824628,0.0475355719983943,0.0456730242479679,0.0442874257729251,0.0436569212548723,0.0425482147569002,0.0417399345029023,0.0406279719928988,0.0399568320363985,0.0395053895593695,0.0389034098680749,0.0380888375138677,0.0373286292570489,0.0365196652152093,0.0356249316187216,0.0351283329847889,0.0348306230581068,0.0338092353430834,0.0330330397451521
balanced2_syn_topk_rf,codex-l,0.1779160780908488,0.1170772259859593,0.0903404608615736,0.0774583025025485,0.0669475876832914,0.0581974371896956,0.0532130860229875,0.049357398990466,0.0464470853682028,0.0456528333938131,0.0439732094017886,0.0423580841006323,0.0391939248946655,0.0379328402144054,0.0353180270295847,0.033459014530315,0.0322557432327117,0.0311005279091847,0.0300335134937146,0.0294393742530916,0.0289730363192131,0.0281578359565604,0.0278090737598559,0.0277129721717335,0.0270568961124553,0.0270246825223778,0.0262656569096002,0.0251202620134631,0.0248359295794045,0.0240028020589515,0.0231460399714085,0.0224478602882909,0.0219722326037652,0.0212921860446724,0.0209091615763525,0.0204713556202642,0.0202045713281784,0.0199824343835628,0.0196110969211242,0.0191701805631347,0.0189289166454564,0.0184735298926079,0.0180966029293501,0.0177032393448008,0.017196137461577,0.0168379056808003,0.016493265305322,0.0163472342933033,0.0159183225207451,0.0149772581335478
balanced2_syn_topk_rf,codex-m,0.211063634741798,0.0905769056870797,0.0621887614168243,0.0431572763836041,0.0423246236217709,0.0362247410942442,0.0332032780165747,0.0309868644059869,0.025261624083458,0.0232503384183786,0.0228643555603118,0.0228759731566101,0.0207614187922791,0.020017642268389,0.0199006279140974,0.0202919612587073,0.0190013158431456,0.0176664398492061,0.0173667638821255,0.0172460250955048,0.0162862122316056,0.0149347386625084,0.0143878390767957,0.0147005234965744,0.0150373707623225,0.0149028691967261,0.0141206477749216,0.0139098797126671,0.0135416533849792,0.0134185281994185,0.013276416274367,0.0124374027842679,0.0121371350283356,0.0113939734990633,0.0109642434852568,0.0106432362875004,0.0102784744006212,0.0099117529317001,0.0096008997324328,0.0093134951236468,0.0089818396016778,0.0090108855583095,0.0088631223020358,0.0088111464607807,0.0084702098447853,0.0081461067477188,0.0079566120402241,0.0077192117983542,0.0077157962808964,0.0075604315685127
balanced2_syn_topk_rf,hetionet,0.6642540344374324,0.5126375934698482,0.3894047605688764,0.3203173791457538,0.2785608752472952,0.2432553557840644,0.2165380521392308,0.1960286704012646,0.1781767143887744,0.1645869134666688,0.1483721918816569,0.1333328341875979,0.122600549469749,0.115196875898381,0.1090278019452619,0.103718760486954,0.0979267251018336,0.0932764460629045,0.0895268018789754,0.0856604266061273,0.0819518483267802,0.0788602242269307,0.0753537242969741,0.0723563233168145,0.0696820362154282,0.0676512685487484,0.0656949322633928,0.0639747803652697,0.0621338472340908,0.0606877632209226,0.0599497491539329,0.0593604953649937,0.0589680915224672,0.058549156112037,0.0581028662063587,0.0576916908172948,0.0573824664657682,0.0569727664501731,0.0566053514512907,0.056198561571652,0.0559207062408946,0.0554000213331855,0.0549197935685579,0.0544078880969931,0.0538023258431723,0.052829289560591,0.0518585854474098,0.0507949833679344,0.0495321826828638,0.0459109677012161
balanced3_max_topk_eff_global_rf,FB15k-237,0.1355048460865182,0.0998279249640443,0.0946328324995735,0.0919169687976817,0.0784641606813913,0.079322161853893,0.0680037512269662,0.0644300570194689,0.0529130530957622,0.0477125529321225,0.0437076582991928,0.041492202775494,0.0403403050894561,0.0372936029240016,0.0339319975343033,0.0328857434667417,0.0291094191106153,0.0270930113151404,0.0255079273764851,0.0248190226448599,0.0238283923372542,0.0226473511525489,0.0211968644053552,0.0205743243812126,0.0194152487686918,0.018527473197974,0.0174874787517294,0.0165140335548756,0.0161820141109012,0.0155131668701664,0.015163639346678,0.0146309703832585,0.0143100937488247,0.0141082755000805,0.013797539579651,0.0135885762668634,0.0134250691367945,0.0132521388943456,0.0130669107272174,0.0130500160399329,0.0128887202454122,0.0125941967797018,0.012107647978979,0.011657251849412,0.0112496047720178,0.010897116337069,0.0103981880739962,0.0098746424915394,0.0093788392623037,0.0091863930002085
balanced3_max_topk_eff_global_rf,KG20C,0.1627303594426008,0.1368625530945566,0.0956952921180109,0.0823265281572074,0.096769661256723,0.0993100097475114,0.099000804477501,0.1006901470611287,0.0893896151147748,0.0938892011482241,0.0958378183548966,0.094192608174934,0.0871340534201963,0.0868854945554595,0.0823086300300035,0.0822243563849014,0.0846864319473486,0.0833952389858605,0.086691005226078,0.0792148879307339,0.0724432328416908,0.0727374450963103,0.0709989305756142,0.068400057869598,0.0671487463917177,0.0640125194205707,0.0610557263982507,0.0606175110200253,0.0602018264130244,0.0597007223624155,0.0558773708163338,0.0542007021117463,0.0499126170179939,0.0470436044125315,0.04666148602888,0.0452945758593013,0.0455147113848706,0.0458660311650798,0.0462654536299664,0.0452967145933258,0.0432074964672133,0.0424811605534669,0.0429547297963834,0.0427517825230612,0.0415429555930757,0.0404456881020882,0.0398100539442864,0.0382596233643828,0.0357020238099081,0.0335983049479202
balanced3_max_topk_eff_global_rf,WN18RR,0.043103899041422,0.0413262696037488,0.0424916397649324,0.0342321223770347,0.0318678432389558,0.0270062487601823,0.0257000373759044,0.0217980177429275,0.018233109036289,0.0146336428849607,0.0122008478136144,0.0103991780424657,0.009037016630458,0.0080190656356404,0.0071901676889021,0.0065382577853108,0.0060232483721376,0.0056313787023305,0.0052160894113646,0.0048602879340255,0.0046156394531897,0.0043733891709796,0.0041044039559285,0.0039117631392355,0.0037654154263915,0.0038231937797024,0.0039793564603125,0.0040235851479693,0.0040603747618712,0.0038705552548397,0.0039259124428612,0.0040175704384726,0.0038558318316859,0.0038254164129938,0.0040506024293451,0.0040881183465795,0.0042920334678773,0.0043485173048964,0.0044663940403535,0.0045836816875854,0.0042880456893612,0.0043694872541972,0.0043766352872121,0.0042569040612139,0.0042502536745581,0.0043269087619772,0.0044492347081439,0.0045161328263005,0.0042804987960471,0.0041565388272568
balanced3_max_topk_eff_global_rf,YAGO3-10,0.2235132522221066,0.1350064029098177,0.1309476473069863,0.1076943039544393,0.1095340372510904,0.10867807358316,0.1092114896405334,0.0949293820787842,0.0988817731620808,0.0957383620067324,0.0931051137328198,0.0908485492077488,0.0867603595302384,0.0825436660262821,0.0812444131393985,0.0800332370574752,0.0786220451764743,0.0746845636206681,0.0731906829481483,0.0726505350017232,0.0704897377146362,0.0668998460018519,0.0647203151019777,0.0634213487223454,0.0613490049763558,0.0582672943266415,0.056066565602417,0.0550714449411315,0.0528537481348909,0.0511854300559568,0.049533513493094,0.047899239490651,0.0452365076979077,0.0438964391033174,0.0423550987828584,0.0411786579184305,0.0396714376555493,0.0383873572244892,0.037386211169333,0.0365995574323942,0.0361555073748176,0.0360718582757479,0.0357625403738832,0.0358772596398482,0.0355374220247324,0.0351622469217627,0.0350970078551824,0.0348918333381087,0.0337607462634717,0.0330330397451519
balanced3_max_topk_eff_global_rf,codex-l,0.0479168822089768,0.061205828570128,0.0647323375440689,0.0591072228167568,0.0506060758464934,0.0440498859142532,0.0461724824610569,0.0440974849129975,0.0414939953482533,0.038414088337817,0.0363588385223012,0.0342244567169081,0.0313020942955193,0.0294179160686838,0.0271322933195246,0.0262967672067653,0.0262122696341415,0.0249528295111036,0.0245703889180382,0.0239097513024872,0.0228880352533473,0.0216496546026594,0.0207405929685962,0.0201161268700336,0.0196306607952458,0.0188524052097662,0.0187378322329028,0.018397548633436,0.0180722777934854,0.0180135096825535,0.0179987236916725,0.0181646998864661,0.0181974098917132,0.0180320297840164,0.0174691693984287,0.0173509145871599,0.0175729005918729,0.0173291956139278,0.0171048827691928,0.0170155119649297,0.0166777248933873,0.0165832877413909,0.016495461848534,0.0164495271806868,0.0163680138446289,0.0162887024970017,0.0161181392643126,0.0160127921431638,0.0157709110509949,0.0149772581335478
balanced3_max_topk_eff_global_rf,codex-m,0.1990292783288856,0.1734151477611356,0.1080263396246832,0.0859757214847025,0.062580673344184,0.0537247931204574,0.0506813635898542,0.0407824129174396,0.0410729444925606,0.0387184225781309,0.032425923107006,0.0294969994200056,0.027176958460338,0.0266452802578809,0.0251478742783983,0.0239601587172437,0.0217478242960187,0.0194180844154496,0.018398384090787,0.017463443351362,0.0165975244273961,0.0164465906387838,0.0158312753196245,0.0145456136831509,0.0140367147222613,0.0127374347277318,0.0118670283879898,0.0114521730918197,0.0103483788068912,0.0096588513512485,0.0088560091189553,0.0083495209446171,0.0082570561438306,0.0080247396613741,0.0081070530886155,0.0081532600062994,0.0078792451429234,0.0074557788934783,0.0076166294940265,0.0075924499527371,0.008026658892678,0.0079627281310694,0.0080190489569182,0.0080774283311986,0.0081010115008228,0.0079587512954169,0.0079056547354348,0.0079660485718764,0.0078392737581429,0.0075604315685127
balanced3_max_topk_eff_global_rf,hetionet,0.5293494092765789,0.3122469891298856,0.2484579584423167,0.2140556762032277,0.1933702724489649,0.1807478581339576,0.1707086275786762,0.1598352162767591,0.1472508683795108,0.1364165865357192,0.1256453624972444,0.1154837064010365,0.1082536024321647,0.104285943211231,0.0995725415432187,0.0958234489257805,0.0924195861380341,0.0891266824552583,0.0872725199764499,0.0852816074075266,0.0829744497150943,0.0812603734081716,0.0799570710957768,0.0791290941798557,0.0781830114635293,0.0775971041428249,0.0766467630020348,0.0758301394158111,0.0750880819306032,0.0735926206567241,0.0721971099595106,0.0704190517882457,0.0690419776270276,0.0674787865028836,0.0662182799748112,0.0647839972466501,0.063585472048075,0.0625859604020637,0.0615131597622633,0.0607516201906839,0.0602237023587033,0.0595031918315329,0.058948888030035,0.0581452962307529,0.0571831958348996,0.0560016148192612,0.054921655808376,0.0531733694670164,0.051468447124306,0.0459109677012161
balanced3_syn_topk_eff_rf,FB15k-237,0.2301148223752223,0.1588377475892697,0.1438070458163007,0.1133161694292013,0.0964169251198074,0.0845414482322408,0.0752824309253796,0.0688538751767022,0.0625036441233217,0.0564129788665754,0.0519403251025756,0.0488503570410228,0.046953159182778,0.0449781133025779,0.041818130949409,0.0377505749440425,0.0358451495531872,0.0339641668109607,0.0324894732809819,0.0313482326648921,0.0299185638341117,0.028576069199685,0.0274108097712253,0.025998487775551,0.0248147472467659,0.0234012778390555,0.0221256673716974,0.021120683542031,0.0201318177413023,0.0189945122933494,0.0181237668790223,0.0172625229998977,0.0164375385998631,0.0156807722745637,0.0149777839289992,0.0144102763297004,0.0139381801899833,0.0135263250680384,0.0132567230927114,0.0128753023041836,0.0126108615808857,0.012301795279962,0.0119522356738193,0.0116856983731861,0.0113631474233222,0.0110914563961619,0.0108099419594565,0.0105608579336169,0.0101242580061136,0.0091863930002085
balanced3_syn_topk_eff_rf,KG20C,0.0464592349379355,0.0722413485104738,0.090714770690274,0.1039442732568241,0.0994245483550726,0.1038091027964978,0.0776510390007088,0.0682477869837958,0.0556649902133283,0.0592025841980394,0.0568577557103338,0.0484205228678087,0.0479097165686481,0.0467242195002355,0.0488951969053632,0.0466488887601348,0.0467515718593412,0.0490367515794716,0.0526764499367682,0.0557738764342516,0.059201970751993,0.0583089624398527,0.0588097142877177,0.0615806169166512,0.0592056901131892,0.060813828294894,0.0608697922708165,0.0623859676795448,0.0598672960157897,0.060490912324965,0.0605978980482724,0.0618525730516519,0.0616486033068341,0.0609134376999731,0.0602506793733206,0.0583347108824843,0.056105809993949,0.0533730085414658,0.0506406641006877,0.0483907878788996,0.0460907634644338,0.0429173560691413,0.0411860417571909,0.0399544254440265,0.0374678124800753,0.0359433425079678,0.035332096234699,0.0331122212740135,0.0332740355015419,0.03359830494792
balanced3_syn_topk_eff_rf,WN18RR,0.0117791170455345,0.0167471902323672,0.0227475265513492,0.0219508815828395,0.0206921843980265,0.022362483301745,0.0220791950076577,0.0209240227415552,0.0205710275679502,0.0201752162099593,0.0193084328840478,0.0192615614827058,0.0167747724103248,0.0165030527993554,0.0164872464780296,0.0152531778266389,0.0147143567366572,0.0136971106976326,0.0135011677122736,0.0134366537801466,0.0133046154883331,0.0131823566849778,0.0131156078184964,0.0131627424886673,0.0131160530115503,0.0131451677054106,0.0128847898548534,0.0126215004323819,0.0126512358998347,0.0123992024358439,0.0119759167620305,0.0117326518883147,0.010811960845954,0.0098631971022384,0.0090053713309177,0.0082730575804561,0.0076779472309873,0.0071371306648562,0.0066689912599016,0.0062540823955086,0.0058877790401881,0.0055645519842066,0.0052742050899599,0.0050133408935406,0.0048127181966466,0.0045945384546466,0.004396860912432,0.0042140456436068,0.0040549000092322,0.004156538827257
balanced3_syn_topk_eff_rf,YAGO3-10,0.1738166050055831,0.1471462947906818,0.1273240448329455,0.118909079894796,0.116707977106224,0.1108293038553838,0.1220740586958826,0.1146998697455858,0.1112188922272767,0.1033560753601456,0.0965764406690217,0.0911046773832497,0.0902088573144754,0.0855276675416811,0.0836196007360772,0.0808082054691234,0.080190349619768,0.0803407191406684,0.0799802753072425,0.0763111086967971,0.0746321578801059,0.0717001114974156,0.070153763409168,0.0669531941117851,0.0653770855923869,0.0632190375405854,0.0603540247550142,0.0577127429555137,0.0549560908725401,0.0527291799813125,0.0507719430765998,0.0488522701742379,0.0475935902207778,0.0463267232623954,0.045313515814934,0.0442507067439346,0.0431053005937236,0.0422928984052479,0.0411636908611885,0.0400387948505003,0.0391222903727628,0.0381047760848083,0.0369316701990782,0.0361555625161704,0.0353573978256107,0.0345737720663572,0.0339211851115131,0.0337248399197738,0.0332582165696426,0.0330330397451521
balanced3_syn_topk_eff_rf,codex-l,0.1678664177296118,0.1232322929687927,0.0980990320377042,0.0841580976569558,0.0705119733511425,0.0650902753437652,0.0613202277743452,0.055568231024548,0.0505213787009588,0.0503773849234652,0.048419984395285,0.0472008464467443,0.0438087502249036,0.0408234783626129,0.0380282426500997,0.0364525303712801,0.0352550393409307,0.0333204534385098,0.0327070897246974,0.0320520403829591,0.0311829523795215,0.0305329526939515,0.0291227553420205,0.0286826145735645,0.0282318934233447,0.0273413501470181,0.0272971263812769,0.0266019598222642,0.025980401034936,0.0252861000814783,0.0249806906307947,0.0247532597828752,0.024295632914054,0.0237075749349664,0.023324975512212,0.0226199720509827,0.0221485703774961,0.0213552308931908,0.0206574222375235,0.019960868705998,0.0194761114319483,0.0189657159222542,0.0182440879979559,0.0176758925084814,0.0173256281723488,0.0168038877615226,0.0162979259076998,0.0159738364646482,0.0157857169980915,0.0149772581335478
balanced3_syn_topk_eff_rf,codex-m,0.2947102494373743,0.129312638226853,0.0705522472666195,0.0504370337126303,0.0374512084377294,0.0327023556169696,0.0288647749399442,0.0277989099532298,0.0248562238186551,0.0223396586754955,0.0225763243316321,0.0226225735577469,0.0220552980977235,0.0220865401819394,0.0217415569345633,0.0218264401620484,0.0214707345062028,0.0203608049423709,0.0200558235568235,0.0201144382148541,0.0198154559447534,0.0194387418853738,0.0191264977384073,0.0180426727359492,0.0178081534317648,0.0177810411568857,0.0176790213043194,0.0164391763140603,0.0160858826594303,0.0155325521061642,0.0146510552157288,0.0145272696713689,0.0140157552364923,0.0133070769914158,0.0127680008841404,0.0118517534411186,0.011627280631228,0.0110744310881785,0.0103525589920696,0.0099939846749119,0.0096867811111576,0.0092250449019379,0.0088640106195048,0.0087921364959169,0.0086484444252961,0.0084291292394462,0.0079634764372946,0.0075492958324889,0.0075390106470014,0.0075604315685127
balanced3_syn_topk_eff_rf,hetionet,0.6780419462815708,0.5247738996491289,0.4232024847771549,0.3473986665744117,0.2914793496669055,0.2590456542849535,0.2336217028287401,0.212958286333379,0.1949771132117543,0.175714141134966,0.1556553246654732,0.1427890869379531,0.1340924434967221,0.1263319741292079,0.1188802209450676,0.1130330455217851,0.1068676247256623,0.1014839233282172,0.0964806952009831,0.0919312355952344,0.0876343111565574,0.084045415533061,0.0807182972845448,0.0778858115515133,0.0755784349819852,0.0730109682755226,0.070973406214454,0.0686319980897804,0.0667419436806306,0.0656226514297022,0.0647536501521959,0.0640395985703403,0.0634072836865837,0.0628116302149213,0.0622986966876433,0.0618075239779671,0.0612802951596291,0.0607046550444208,0.0602774872434501,0.05975017778383,0.0591371353028227,0.0585317095584982,0.057667993255303,0.0569041211989707,0.0562398217376844,0.0553082273458858,0.0543208234842964,0.0529037597749788,0.0513122884325902,0.0459109677012161
balanced4_global_rf,FB15k-237,0.1096067923773727,0.1106727025568738,0.0983983050091188,0.0912500226722652,0.0792868288874248,0.0740054202098585,0.0684477869108479,0.0635246911967004,0.0582737855457089,0.0573683220771117,0.0520390885051598,0.0483588706363982,0.0465913588299831,0.0423458956269047,0.0388561377811382,0.0370041906493767,0.0337693567864636,0.0313785093695626,0.0289182188982433,0.0271146101515165,0.0256218709894946,0.0243797931521514,0.021905732457657,0.0204552688096728,0.0192563992246088,0.0187586506646182,0.0184021274371823,0.0178554440871692,0.0177349064604872,0.0173288996648055,0.0169622265276023,0.016415576753568,0.0155816160430048,0.0148375173106387,0.0143278666630968,0.0139416980872542,0.0136309212465393,0.0133321214670683,0.0129971295597017,0.0127739285424153,0.0124200629469732,0.0120103530375361,0.0113880909516499,0.0107740047162425,0.0103534860864142,0.0100534115653985,0.0098507423719591,0.0095349593668123,0.009425007738119,0.0091863930002082
balanced4_global_rf,KG20C,0.1617739191739162,0.1979773717197626,0.1256098117952326,0.1083149526728088,0.1019301323148651,0.0989579340972646,0.102793140535816,0.1034242072788858,0.1064838668077112,0.0994995817687787,0.0979257632774333,0.0957561127768469,0.0987634423346246,0.0996773608309975,0.0933698376802625,0.0901211842406648,0.0859093694068793,0.0869062792072432,0.0842587865412962,0.0820804290399332,0.0806355782754775,0.0806939837101656,0.0768577703459103,0.0732001213944815,0.0711167084337469,0.0699379120217664,0.070272327935688,0.0715001386545244,0.0727575072196144,0.0698923052881048,0.0676348940934965,0.0647234312421505,0.0636063809782279,0.0631794997948509,0.060874902452076,0.0612322064858328,0.0596936510474419,0.058487997586222,0.0541521932720079,0.0534026947807289,0.054996936053149,0.0513503150327696,0.048045088454758,0.0445767597657065,0.0434818632049844,0.0423778858549994,0.0408988218334298,0.0382945324042087,0.0356780554088258,0.0335983049479202
balanced4_global_rf,WN18RR,0.0476315913013576,0.0411504684416157,0.0328172883267274,0.0312344226475551,0.0329691178164348,0.0237834997154233,0.0186686974118337,0.0168494973867463,0.0167649793128255,0.0170246688035136,0.0166902410686287,0.0162457979805183,0.0158196384244861,0.0156342271209017,0.0158658198763599,0.0153497376835034,0.015217340311856,0.0149689614981312,0.0147804571262668,0.014768970481704,0.0146058949852438,0.0143721177895783,0.0144426089811875,0.0140200833893426,0.0132067177389754,0.0130326412908337,0.0120019732110117,0.0113075996782527,0.0100244251771339,0.0092212590145188,0.0086396492690428,0.0079115611924711,0.007365462328295,0.0069566594680914,0.0065099567076196,0.0062540033706934,0.0061364136861035,0.0058382398582184,0.0055551567795657,0.0053575862950443,0.005231520712555,0.0052778105656403,0.0050819392132126,0.0046944141705846,0.0046653663662881,0.004275713979402,0.0041245706138832,0.0040936336270511,0.0042074789552717,0.004156538827257
balanced4_global_rf,YAGO3-10,0.2519321818934354,0.1788938388045222,0.1416377978738066,0.1444117716694446,0.1211198407824618,0.1196041473347724,0.1059982582713985,0.1013948984442789,0.1015813252320292,0.0946172031623113,0.093268679812654,0.0906685258278805,0.0853317161088245,0.0856937208771142,0.0829970003601938,0.0803104538961669,0.0805576027615138,0.0778869124020373,0.0745699643753645,0.0704381938232123,0.0678677100575404,0.0656959011494573,0.0629888242689027,0.0599200920856786,0.0591784583013625,0.0569549518547587,0.0541709043298144,0.0526534407571228,0.0499385877195412,0.0477869050299126,0.0458091029143881,0.0443563743005752,0.0430531053142611,0.0416809726722584,0.0407846477229745,0.0394069129435181,0.0389137500489475,0.0377763766951839,0.036887496345153,0.036349493453081,0.0359390632440363,0.0358302865079169,0.0359563960299864,0.03583881187877,0.0355852050448426,0.0355961035366141,0.0352103911318451,0.0347936029442561,0.0342265258230618,0.0330330397451521
balanced4_global_rf,codex-l,0.099284293713983,0.0973705981354153,0.0811359993454836,0.0780727106522858,0.0696149605233686,0.0599686519978546,0.0525286237981788,0.0482904923407592,0.0448913613287227,0.0424017834025667,0.0391303709275867,0.0364575405386233,0.034600238741024,0.0329185841180725,0.0316256784576387,0.0302728198160815,0.0307351006508065,0.0303006395524427,0.0300783146530327,0.0297070484322914,0.0284756949927433,0.0271048184377993,0.0263193693112524,0.0253752500944088,0.0239771965012989,0.0226211547975447,0.0216390265067332,0.021407922127167,0.0212400783595498,0.0206613834359861,0.0202322350938366,0.0201769934779028,0.0201474819167382,0.0199496583740481,0.0196317300637938,0.0192844854736529,0.0191160516762205,0.0188057673675252,0.018762518032239,0.0184121703285169,0.0181418646827167,0.0176075556514148,0.017064913249672,0.0167837192742816,0.0163808091556827,0.0161606497379303,0.0160443943217944,0.0159823624623733,0.0157911254300988,0.0149772581335478
balanced4_global_rf,codex-m,0.2632195400348336,0.1142255839512362,0.0761094602035941,0.0593289912197787,0.0493561852588673,0.039529692418023,0.0359504836812716,0.0318035300527879,0.0286592793278364,0.0253745274758274,0.0207970786839641,0.0181298540546117,0.0180711959678077,0.0177927058687612,0.0164254594969766,0.0160553892027597,0.0150177701973381,0.0135713907790402,0.0131847363797819,0.0129782468882346,0.0129445571183977,0.0132895999273019,0.0132285450208309,0.0130821767521347,0.0127649529993336,0.012760178951104,0.0125227754982808,0.0122029104237255,0.0121599482202754,0.0118943078982447,0.0117647186763132,0.0116078795631471,0.0112822913707864,0.0107668979851831,0.0100793963526448,0.0095903457047923,0.0091048987769595,0.0091063820150734,0.0089702614227706,0.0088418706196091,0.00869140668646,0.0085312447461427,0.008459135608742,0.0084458921940924,0.0082060233728169,0.0079969030214068,0.0078404414794135,0.0079604406541473,0.0078290066394324,0.0075604315685127
balanced4_global_rf,hetionet,0.7578805574344085,0.5420499977140918,0.4429608832501139,0.3581217312683216,0.3075614016918857,0.2718394864190869,0.2435739219705917,0.2245324557560015,0.2049917696928977,0.1833161169469925,0.1604206018446652,0.1463153574528444,0.1362664342283643,0.1275300870149562,0.120042487557634,0.1136323884009304,0.1080776590047765,0.1028417855895835,0.0979887431550681,0.0937295041439958,0.0890379924629525,0.0851063521914123,0.0816023849445364,0.0784018006922802,0.0755388556448211,0.0731625423046509,0.0707180090847905,0.0689394337782294,0.0677768682310933,0.0670092409869247,0.0663861691195715,0.0660673719411235,0.0657234955450793,0.0652177854437767,0.0646742403380227,0.0643580220129906,0.0637960409084263,0.0631076356376865,0.0621523937199763,0.0613567508406067,0.0605792128877973,0.0598689423235201,0.0588795315589349,0.0577119228450884,0.0566585019770673,0.0558569120520839,0.0548057059069833,0.0534653213203792,0.0518751386793059,0.0459109677012161
balanced4_rf,FB15k-237,0.1773411957258595,0.1475440201851747,0.1203303294941615,0.1120245291089199,0.103775352099928,0.0974847999902743,0.0848291779896126,0.0805143888413968,0.073303217836367,0.0665553947881829,0.0591994164019691,0.0553473609980439,0.0516399680028905,0.0459332294940366,0.0419084040667634,0.0397143290983381,0.0372691727601548,0.0349200927038093,0.0339854182335042,0.0328209591101986,0.031259498437794,0.0298162238443204,0.0278323870342929,0.0264591648745453,0.0248791028485009,0.0231981967804262,0.0215791571146202,0.0202661479908867,0.0190311702020338,0.0180092165320735,0.0171797465067036,0.0163938671237002,0.0156400452673213,0.0150062336200507,0.0144369861323783,0.0139398437717799,0.0135478018673595,0.0132176732946649,0.0129434702988773,0.0123941996506724,0.0121844052347643,0.0119269329131597,0.0116752434831248,0.0114622519945022,0.0112193789478012,0.0109392379783512,0.0105288534409733,0.0100295351876986,0.0094440962391038,0.0091863930002087
balanced4_rf,KG20C,0.299494167855233,0.1865622141646312,0.1251918115823653,0.1247526114194201,0.1098175144381421,0.0878019153411631,0.0694528896877331,0.0659091659476291,0.0626434286970607,0.061883979769199,0.0635190481344569,0.0595303620676956,0.0522327490383289,0.0548239423190559,0.0554092938773851,0.0555056419285038,0.0570651271121238,0.0565048215987247,0.0574542959537438,0.0559712379845462,0.0596810967066607,0.0588037879658231,0.0581505379340792,0.0555733532943139,0.0582268487375468,0.0594950149608455,0.0605871393513139,0.059904433648847,0.0581638914198152,0.0576534994779549,0.0554920354388372,0.0555502176600892,0.0562237266063656,0.0540123090270412,0.052399461782491,0.0515104066893454,0.0484975963066922,0.0478784037202648,0.0441330669132364,0.0428467593164481,0.0409048228325097,0.0392315196939416,0.0380446792192579,0.036649957529155,0.0350448075995823,0.0345776441224203,0.0344099230268502,0.0334711623023413,0.0333545553643077,0.0335983049479202
balanced4_rf,WN18RR,0.0425446659398227,0.0324647186658746,0.0291558104534239,0.0267954690907188,0.0256172546677209,0.0232686690508598,0.0227919680028767,0.0212848516772392,0.0209900104758649,0.0207254312852271,0.0211256902562453,0.0200485552892457,0.019208046580065,0.0191995459651852,0.018826392118346,0.0181429172802634,0.0184366501324522,0.0180953249225988,0.0173482790796606,0.0154589425508755,0.014855975734922,0.014700539337705,0.0145836790063587,0.014243405066453,0.014302061259573,0.014398146359555,0.014264434235941,0.0142270006334837,0.0139378666767695,0.0135923289546489,0.0133611789794896,0.0123464465523173,0.0116625115092741,0.0105678264108501,0.0095877095313776,0.0088015803557293,0.0081813825376253,0.0076086993377919,0.0071109415923047,0.0066796701330125,0.0062932440149789,0.0059490839339899,0.0056621419428943,0.005383023407111,0.0051281384966563,0.0048981111070196,0.004687836922683,0.0044961471669933,0.0043145859070037,0.004156538827257
balanced4_rf,YAGO3-10,0.2344042708303011,0.1676866573514024,0.1615078776061118,0.1420870589805085,0.1470312830151328,0.1371203957591045,0.1425684060959109,0.1367156413455674,0.1194487023628094,0.1161082942705569,0.1068810532672435,0.1048361683154346,0.1019708770108296,0.0968447951429547,0.094456755713941,0.0929998443118333,0.0892869093264872,0.0862542399772543,0.0857688223582147,0.0821632503167157,0.0798801470173873,0.0788821759289228,0.0753454123868249,0.0725891700310534,0.0696650809026209,0.066635621563774,0.0641085590954457,0.0622575446239339,0.0595160953148836,0.0574464050485528,0.0549790080608885,0.0535997978936333,0.0518775684371286,0.0494245921793339,0.0477919764919958,0.046255376254032,0.0449198115972695,0.0440953013280818,0.0427052628603557,0.0416382628612914,0.0406128276846717,0.0396059498731831,0.0385203229125648,0.0373738200322983,0.0363693259000668,0.0352215323874844,0.0345457195487437,0.0343955546676599,0.0340246047213892,0.0330330397451519
balanced4_rf,codex-l,0.1729011576759871,0.1256815887947691,0.1050058534851459,0.0830556881643385,0.0722784001998737,0.0655852073925868,0.0581829207681015,0.0549122415172333,0.0526066008771077,0.0489796196513763,0.0471222235966242,0.0442527005869044,0.0414575195426785,0.0394469113790625,0.0373714216778489,0.0363506551146761,0.0349541585750121,0.033083854620215,0.0323764517249776,0.0312159618377489,0.0304949011319877,0.0297200780131339,0.0292247713104785,0.0287518250328044,0.0284863574771936,0.027632693426461,0.0270619835421406,0.0268176224449334,0.0262772460363371,0.0255635376670806,0.0250555509390419,0.0244706588967589,0.0239922141018988,0.0231744393634449,0.0227493374496452,0.0223085847928001,0.0221468900834389,0.021434887277711,0.0206436739610182,0.0198062807000607,0.0192676503337065,0.0186972735473085,0.018358910262461,0.0179845933241464,0.0174395047150448,0.016801234272201,0.0162730418614713,0.0161054756757108,0.0158579126974511,0.0149772581335478
balanced4_rf,codex-m,0.3513616278076124,0.1102100300552224,0.0629897802990455,0.0556641764649055,0.0456481321190862,0.0386266010453824,0.0341283038517035,0.0292074453142625,0.0295476159130112,0.0282096488849128,0.0264185138784431,0.024637594141877,0.0237771799233514,0.0226463471113769,0.0217621654966291,0.0203894235662469,0.020193863221064,0.0202826431405327,0.0207226018216748,0.0210203617131792,0.0202247611346384,0.019653976069708,0.0193830281172815,0.0190128851961295,0.0182087557870949,0.0178938177015772,0.0164155461083777,0.0160204060754831,0.0152896181465231,0.0151207592277287,0.0143846924204689,0.013657673024978,0.0129239278740074,0.0123660584782803,0.0116402316944728,0.0115149007523533,0.0108221548678371,0.0104609620500457,0.0098660941931607,0.0095168921614714,0.0088387567412182,0.008702945543705,0.0085141906585632,0.0083862118409119,0.0084906915997622,0.0082607881102738,0.0080264057568339,0.0078270384824852,0.0076455667394623,0.0075604315685129
balanced4_rf,hetionet,0.783253076521113,0.5546356667344392,0.454003366138459,0.373799311782949,0.3141882662038784,0.2758633931704133,0.2491303598161343,0.2277243163562652,0.2078333408138741,0.1853578096117389,0.1635582627173533,0.1490647599459773,0.1388253654954914,0.1296719487364528,0.1220416673161226,0.1153064688521934,0.1094355482718394,0.104360108157872,0.0995485433475471,0.0948339448451351,0.090582231169553,0.0864256309458615,0.0824608308442149,0.0794831052469167,0.0762858197860072,0.0736365986668885,0.0710404263245327,0.0688159695676249,0.0669856552299004,0.0658529893421238,0.0653603274864758,0.0650214650386289,0.0646044838607338,0.0642044835803585,0.0636989167918413,0.0632639361998184,0.0627236956552361,0.0621356745264407,0.0615894686459901,0.0609797959516187,0.0603830537984848,0.0595384141287993,0.05887638166078,0.0580469320914733,0.0569239291236696,0.0560692953759942,0.054984701837587,0.0537664798182007,0.0521035934590174,0.0459109677012161
balanced5_global_rf,FB15k-237,0.1824449402983399,0.1215949948802128,0.1090716989498719,0.1064637149391323,0.110119955330959,0.0881743931477738,0.0747444967677555,0.0682351027824559,0.0606513140156252,0.055324858556907,0.0511818056846302,0.0503486639523023,0.0468336748926954,0.04315901565096,0.0400451443470695,0.0370845153819974,0.035316405758196,0.0331765172068629,0.0307023497437348,0.0289057345997829,0.026894322262851,0.0249744414714043,0.0228207421740356,0.0211660710573911,0.0193725619791362,0.0186081833798323,0.0178906514300078,0.0173363215793078,0.0169139562175115,0.0166001262108181,0.0163553336655053,0.0160509155807833,0.015466106631331,0.0148350259690648,0.0143578162810771,0.0139107256850321,0.0134724424721981,0.0131107175503404,0.0128287535933995,0.0125192546246892,0.0122280484688044,0.0117283300704225,0.0110941608171415,0.0105825267031849,0.0101282023964088,0.0099649708093052,0.0097762590811336,0.0095236809496244,0.0093582894877894,0.0091863930002085
balanced5_global_rf,KG20C,0.0985644179382865,0.1104686585719014,0.0965405358399851,0.0809044428182714,0.0868326080340551,0.092723210394358,0.0995056450432372,0.1155466523014521,0.1059216522970449,0.1022942083710918,0.0973395255563693,0.1039253352331632,0.0942410142558995,0.0927753281182637,0.0931950697174037,0.0907537985876003,0.0897847794593791,0.0915121564241556,0.0899711802757894,0.0892369383758922,0.084560015372975,0.0821603931496706,0.0770822084501037,0.0799846834394164,0.0755222218081523,0.0747751160733676,0.0747222964392058,0.0724395418716754,0.0713513525527664,0.0687674300880369,0.0675328003582664,0.0622529124593151,0.061119010966282,0.0581946872966305,0.0582639947519578,0.0591674860668283,0.0576671172452092,0.0562470851893521,0.0553585362011157,0.0550268989993016,0.0538967481434315,0.0500324078811855,0.0489437308555074,0.0446353994219761,0.0422980131453885,0.0404192256645232,0.039878487537204,0.0381666485831286,0.0357411276968824,0.0335983049479202
balanced5_global_rf,WN18RR,0.0451077068299754,0.0399012046252285,0.0365440375879126,0.0368154576756034,0.0325099424562511,0.0207077065703706,0.0164515160871105,0.0151895776280341,0.0149708891276718,0.0148001921669407,0.0145605156386556,0.0143372260797423,0.01413339979981,0.0138596277873794,0.0138022235885999,0.0135552299691712,0.0133929396128309,0.0139172485255183,0.0141491329813197,0.0139153802169131,0.0135419955855962,0.0137184777125975,0.0136235701055642,0.013660061973898,0.013337844267371,0.0130057728976549,0.012990242813017,0.010917855870776,0.0099384137094742,0.0091129702662648,0.008513829078695,0.0076814898354247,0.0071524099406254,0.0066543173649165,0.0062463917202972,0.0060209263558039,0.0057521273922398,0.0055102478040973,0.0052378305039648,0.0049603368839994,0.004769806456611,0.0045995154590388,0.0045392213509578,0.0043748124509628,0.0044929855536257,0.0043664359782387,0.0043148692027881,0.0043086397556311,0.0043536629666249,0.0041565388272568
balanced5_global_rf,YAGO3-10,0.3000274320692579,0.2427494216181804,0.1952060611581629,0.1812126695085281,0.1543071444246859,0.1495803063363794,0.1446255435965711,0.1403205170392045,0.1316344011723857,0.1263473609156395,0.1145576368224823,0.1125917543251269,0.1046559692783184,0.09552706919759,0.0876726154896512,0.0821642792876256,0.0746291280695741,0.0711412406125748,0.0700842787194566,0.066871740297542,0.0638083531613327,0.0603191767400901,0.0587183232403154,0.0566901103996251,0.0551517894403101,0.0527739968378628,0.0513871483807566,0.0494136893707604,0.0469825014917884,0.0468084878062264,0.0460330582779484,0.0456296491720893,0.0445397546598678,0.0431109584178133,0.041380603109731,0.0405457234078867,0.0391193894540096,0.0386848887061848,0.0375051902727592,0.0367153690788824,0.0360581861324,0.0359000636556927,0.0360937727468142,0.0360682659146369,0.0359987874929084,0.0358790644351043,0.0353285452117162,0.0350154225327961,0.0342170339489318,0.0330330397451521
balanced5_global_rf,codex-l,0.0807549498760826,0.0926338948422538,0.0869963069341615,0.0806268230158295,0.0703158042311147,0.0623876937082124,0.054926734169459,0.050701576852568,0.0470063097357438,0.045184827264697,0.0421368441357772,0.0401390951117854,0.0376527972299935,0.0359270818614363,0.0350230660975456,0.0344315288750913,0.0338439430500485,0.0328676667467493,0.031973935056619,0.031330062147179,0.0303863038851008,0.0296578731622632,0.0279851493313927,0.0262687957668141,0.0246565979581245,0.0234383531172501,0.0227145888823216,0.0223229080972826,0.0219428650531365,0.021648817081121,0.0212651416269713,0.0208164001209469,0.02056323031253,0.0203264025030387,0.0202252944299536,0.0199996976210046,0.0196107649431178,0.019264468275288,0.0191036375929098,0.0188549760732625,0.0186227188129717,0.0181698144308664,0.017575118256867,0.0171951455135672,0.0168373459744954,0.0164600097152571,0.0162372966015333,0.0158595809295873,0.0157901579454136,0.0149772581335478
balanced5_global_rf,codex-m,0.2587280196963373,0.1284985244726739,0.0872629830547815,0.0610466494982739,0.0501259649905652,0.0450866035978771,0.0394784010472437,0.0356181940245659,0.0306304361625129,0.0269738209143253,0.025169411537125,0.0230459814699801,0.0218725959608958,0.0203384348817932,0.0188319341154956,0.0168642696799188,0.0153452417233035,0.0146439948330518,0.0136812948183138,0.0137028228653557,0.0129235602209583,0.0125223576478412,0.0123986927118748,0.0126794250128909,0.0125529742036676,0.0120187116707259,0.0117770660721037,0.012071748246774,0.0123762894348617,0.0121999188804928,0.0122140858988333,0.0116201559109339,0.0115372881409663,0.0119234826767715,0.0111739865295705,0.0105127817954455,0.0101832779237649,0.0098309900434385,0.009723186778014,0.0095376733693919,0.0092173793222871,0.00907727067654,0.0088053835329355,0.0084892107157894,0.0082342821867429,0.0079827645280985,0.0080136944595077,0.0078151578695899,0.0078664825213887,0.0075604315685127
balanced5_global_rf,hetionet,0.7400364962431538,0.537456163896691,0.4478674691563633,0.3667662864611776,0.3128035811350849,0.2740378732349722,0.2495295818546428,0.2271883974789699,0.2039585562334105,0.1825480045589123,0.1611099600307284,0.1464125078300233,0.1359880459992049,0.126982871374492,0.1194490458103549,0.1129527363190987,0.1075930609361901,0.102155443935914,0.0974740664086253,0.0927293051732305,0.0886325077125398,0.0846901370171111,0.0812322248179924,0.0778431120123062,0.0750059294318101,0.0723528264498007,0.0699977577549448,0.0676306159940673,0.0660960467713109,0.0653780926212939,0.0649087719031709,0.0644808349131254,0.0640479951088908,0.0637077466833426,0.0633556101794421,0.0629063014030653,0.0624996098484114,0.0619756502839512,0.0610954254904467,0.0602914296162944,0.0596405853941837,0.0589658372915147,0.0579273429083442,0.056939333759405,0.0558099046463325,0.054920798711074,0.0540695391391305,0.0527975230811212,0.0511777861463131,0.0459109677012161
balanced5_global_rf_lodo,FB15k-237,0.0505594780841685,0.06963151605157103,0.051838691820464744,0.04391835035938363,0.04220464220839748,0.03522387417785877,0.03505202837031107,0.034101508821979376,0.03411754051003779,0.031608088007746726,0.0315186589135783,0.030652856772952264,0.028795703628081037,0.02759045311995978,0.02581668282421501,0.024577332607080837,0.02411675323772422,0.022110062578821532,0.020756838393224175,0.01995845267178975,0.018725368570890577,0.01758330496987881,0.016430441379355676,0.015377513297827994,0.014365557574487875,0.01378931029166064,0.014772938678322856,0.014669667862184266,0.014348109626894257,0.01384541009198359,0.013717085432134013,0.013450287719327214,0.013186791136206688,0.012856931761241697,0.012373427600845588,0.012000751024172862,0.011668279484827071,0.01138548293112529,0.011104801948430554,0.010929387150247383,0.010747465327786587,0.010547172590544163,0.010167619964403407,0.009923764860847673,0.009658493950107871,0.0093740956774373,0.009726258543048205,0.009595844129032027,0.00935304190899311,0.009186393000208293
balanced5_global_rf_lodo,KG20C,0.19041566353571415,0.1638764444828027,0.12486671634301483,0.11640265947479156,0.11683407428499204,0.10810622176278906,0.09620215938934051,0.10271806686870333,0.09488710814696089,0.09280771956384859,0.09194686362296833,0.08672574768077324,0.07796721369358628,0.07878940740447349,0.08135555308405396,0.08239394281917534,0.08338129333021871,0.08344766570500739,0.08333062816032744,0.08092479556701138,0.08366317736441808,0.08815106416303053,0.08219267958065046,0.07460581315827897,0.07415443559998436,0.06930500892330271,0.07111283082284214,0.06945765913657054,0.0717087783791015,0.06897467943784918,0.06573985678446181,0.061021412920040596,0.05998423926527652,0.06029271060838659,0.058606236660790456,0.058066289772312096,0.05767664231310521,0.056691130266386836,0.052959017417125054,0.05205171991898161,0.04697899911499581,0.047000999028795176,0.04532721509945792,0.043674620751274595,0.0423592533477235,0.04156543232072929,0.03943056737431361,0.03819280918325041,0.03576154142262622,0.033598304947920044
balanced5_global_rf_lodo,WN18RR,0.03450723198722372,0.03893645842889071,0.028875787248201945,0.02725317083124712,0.028114033520670434,0.02220073794003885,0.015991441218957014,0.015146272365949454,0.014900979661734315,0.0146598362830348,0.014862337581082352,0.014221631778013055,0.014013051041094515,0.013891323660224497,0.013857459386139137,0.0137432943935063,0.013838679968103174,0.013850938546588809,0.013594559094150416,0.013340964916253473,0.013102535575874485,0.013016758655775673,0.013075770395550412,0.013106186018139399,0.013191223423141052,0.012449059239865168,0.011173404286733746,0.010166154530058202,0.009058960068306865,0.00803806200870083,0.0072239519667021135,0.006587920121765567,0.006031795847475152,0.005576014660269246,0.005248381092128884,0.004908687370770215,0.004708253657780492,0.004439042524648995,0.004264167416297315,0.004025997342993248,0.0038854328569559726,0.003858673349636854,0.0038000747630400067,0.0039722212678030555,0.0041155309725580125,0.004057121508747041,0.003996112854987688,0.004113764682508236,0.004262192858004443,0.004156538827257084
balanced5_global_rf_lodo,YAGO3-10,0.24155372692370158,0.13534615625535307,0.08722386991510667,0.06452189603932568,0.05845698480207817,0.05428896080944279,0.050421152422509774,0.04976994782522848,0.049781969320415564,0.04560597045616399,0.05083840137691964,0.052583518219754266,0.05251789010818042,0.046679477070978415,0.04599192970862065,0.04585639735325664,0.04655721705477456,0.047032912891381784,0.04666311895150477,0.047972369287734073,0.044980222238276246,0.04384085883245348,0.04274812621124191,0.04093360440673921,0.0417719599106976,0.04079874425424901,0.04091749281253598,0.04136658777737745,0.03992522852440983,0.03974097233896279,0.03951571961181011,0.03880773135780413,0.03842727511697741,0.03752484406609846,0.03710107277736885,0.0370012917222986,0.037077487115274366,0.03572315467058651,0.036289428884574315,0.03598198693224042,0.03593509401774608,0.0361229468136377,0.035744848490422365,0.035875345540586245,0.03588780765053712,0.03521480744034311,0.03489155083408568,0.03405834394871343,0.03376870480201566,0.033033039745151926
balanced5_global_rf_lodo,codex-l,0.07557739128477237,0.03605869658837513,0.03013714573642723,0.03245038476972062,0.04619450640271516,0.05032041889114702,0.04366169158034383,0.03943024059747602,0.0362968443785725,0.03602904998612333,0.03691808759900139,0.03518745524355027,0.03813933758368515,0.03555823059014673,0.03378309891036291,0.03134641326992438,0.030605474964909174,0.02920766405513775,0.027765061190788032,0.026286137471943416,0.02569236879133907,0.0243690077693981,0.023538533029834774,0.022518389271223294,0.021525228694196707,0.020393789887977354,0.020024535658208054,0.01898059347139469,0.017797604095995068,0.01718327639156203,0.01714606670010399,0.017034665655716763,0.016683061848108638,0.01639752295588215,0.016087562451131632,0.01625804384232965,0.016146425188544145,0.016186716936612555,0.016050861722714194,0.01594480616756666,0.015554543492152462,0.015554692558900074,0.015568391597570841,0.015058673256182598,0.014735577732937433,0.014453060251522931,0.014284217787975173,0.014075520506572348,0.014015661725247153,0.014977258133547888
balanced5_global_rf_lodo,codex-m,-0.008929615460223861,0.017958768941801262,0.02246205086933961,0.020503044623260358,0.01817680477083128,0.01742614171910195,0.015840961878393456,0.013885483937575938,0.010312932803737906,0.010248351079733986,0.009332647727647636,0.009907598702655784,0.008709904362803167,0.008586263178927966,0.008829753882970914,0.009514185535518083,0.009033547873432246,0.00844406933262154,0.008359946141366148,0.008116504379333422,0.007475693100767344,0.0070928297143662,0.007171258999865593,0.006830038150295481,0.007004642316324361,0.007175750183081142,0.007374077523459199,0.006939174238643098,0.006838530938563903,0.006913444576976735,0.00655894783187283,0.006787083773790448,0.006453721834796422,0.006074795140763589,0.006647854870515779,0.00625659914926624,0.00622329397137511,0.0061614023592819755,0.005918955774321333,0.005755616942489272,0.005708542872787881,0.00599982456589454,0.005836241812933185,0.005861221896731772,0.005594663325819038,0.008061463869284413,0.007888466323994425,0.008019704794762994,0.007872824982980031,0.0075604315685127155
balanced5_global_rf_lodo,hetionet,0.0355257772445996,0.03870371157757635,0.04964484693423166,0.04683224208139114,0.049862150040989706,0.05269350388539573,0.06077448645850714,0.06686309815562375,0.07159799730299943,0.07509570559901646,0.07871903662761892,0.07834039997202358,0.07949535512457984,0.08006580534480245,0.07949361834861679,0.0792395815170297,0.07851880347595674,0.078597524812001,0.07754823469791372,0.07701588820688521,0.07652300410594726,0.07557901116693388,0.07468002863086864,0.07215660183908645,0.0710671320639027,0.0701381486955086,0.06932102842319621,0.06878688237754571,0.06821153964707594,0.0676541766381813,0.06714469121188649,0.06667124917491218,0.0659561685427279,0.06544149769256169,0.06488582484712757,0.06440346189912427,0.063144611150038,0.06179441217497739,0.0605081343283167,0.05981815281452563,0.057967340135398615,0.05716717186718756,0.05507472844863126,0.05300376324466072,0.05066258711901939,0.04916565322689026,0.0479005506731498,0.046857120370047856,0.04616327726678637,0.045910967701216165
balanced5_rf,FB15k-237,0.21265727554371505,0.13266825110068203,0.11461794288351612,0.12067383119522512,0.10626654605536956,0.09770148377791399,0.08623381832670085,0.07813303854608256,0.07207895309126133,0.0668851083435078,0.06437670571380671,0.0578561544988212,0.0524526409209094,0.04853657807204548,0.044058423422443926,0.03943333956176698,0.03794172357999859,0.03618176299421916,0.0340243988372555,0.03233157081338511,0.03123084662218001,0.029519558575129334,0.027660592183982535,0.02622602185061318,0.024437765608507078,0.022899433986222517,0.021738010914091,0.020160467014953998,0.018888826279589654,0.017774027037400053,0.016795045280840082,0.015969971336579514,0.015170071209770875,0.014520775917711948,0.013996492204081612,0.013438991438869063,0.013106295403728874,0.012839565677789322,0.012596268817006706,0.01241961836919625,0.012233986364783345,0.011939565973689836,0.011757699853142123,0.011524642314947542,0.011317615718682505,0.011038183514285649,0.010635347639225134,0.01025249792143712,0.009820759357826558,0.009186393000208515
balanced5_rf,KG20C,0.2672922311327195,0.19613464810725012,0.13483800023455594,0.1305727778161605,0.12196548636571158,0.10662365468497637,0.10084603826601679,0.08842969400979572,0.08262193510637972,0.0733645299058876,0.07417229399626968,0.07689087225043534,0.07251239681355592,0.07499458168574358,0.06967571423203411,0.07038802850688874,0.06535286096235038,0.06152236542123313,0.059647167687703284,0.05755187341441603,0.06255431989109206,0.0649908689361276,0.06554127575093105,0.06472527075700873,0.06404695622384082,0.06584088314785386,0.06577875354715723,0.06571187046203808,0.06435104229022448,0.06374086845068971,0.0612202286971304,0.058610450124685576,0.05590939605130907,0.053986659004715554,0.05194785567894522,0.05078577614149982,0.048631031106820544,0.04716791017801336,0.043644673395120126,0.04134462951805662,0.040397636545985494,0.03882559717222023,0.036300666763295686,0.03371915891259869,0.033028424158149994,0.03221245651401938,0.03171407776932056,0.032127985649912816,0.032577711139506915,0.033598304947920044
balanced5_rf,WN18RR,0.050342541524842854,0.030204478595048156,0.030488362712808526,0.02483294038859296,0.025311344528952118,0.024575254106237177,0.02452974322174062,0.023495334385264854,0.021552490171259597,0.020648588861257977,0.019820780588383435,0.019885188317324998,0.019426626215969245,0.01975115273749406,0.019238417397865692,0.0163491506324418,0.016223293422903184,0.016052804105120222,0.015718658338629066,0.015614377686247849,0.01539458360959678,0.01511855085592706,0.014910386589694902,0.01403779644844505,0.013897139525409496,0.013643562184170399,0.013477029102763716,0.01424180087097282,0.014249065866275279,0.0140407254599626,0.013361199605416374,0.012262725207772718,0.011734505293935937,0.010573756426017988,0.009654426360370394,0.008842283226299541,0.008161376180181756,0.007582236894466465,0.007076030659508792,0.006638858361250444,0.006249561032518169,0.005901546900007659,0.005612143427189631,0.005363240630573252,0.005105254422595573,0.004872784465794089,0.004660563692717501,0.004483365870538991,0.004305174777438081,0.004156538827257084
balanced5_rf,YAGO3-10,0.329478415780301,0.20263605847386978,0.1803178324542667,0.1864923461060466,0.18007465296932224,0.17521028367929703,0.1680674160594069,0.15473765640806203,0.14793145513934158,0.141535255103034,0.13431014405691188,0.1240541463742646,0.12008019352427568,0.11171189190229991,0.10754729706499666,0.10455698906636313,0.09586242678328549,0.09223895209232413,0.08888712511342023,0.08553553159294114,0.08236696309724856,0.07915106719239917,0.07626893612846342,0.07238632222528496,0.06937898930311226,0.06700253091010477,0.06309050827596696,0.06123111780379609,0.05843356631358332,0.056192935514864706,0.05399519728385527,0.052185875337566356,0.05050948266229249,0.04887448675205186,0.046795180109054924,0.04527888962570126,0.044374469674049344,0.042887955191768246,0.04176861503844309,0.040490979713212694,0.03969333380773743,0.03868816662634833,0.03801750515321212,0.037323078847659286,0.03676481036789614,0.03582612900752058,0.0345969594848381,0.03404212812518925,0.033841567847627596,0.03303303974515237
balanced5_rf,codex-l,0.1732054660248492,0.1290773542592043,0.10063249092423376,0.08605088607483924,0.07340737557054733,0.06384602711923937,0.05884975680438864,0.05595973884951011,0.05331228863828685,0.05059592126131163,0.047090007352047714,0.04479641876720275,0.04578473393915683,0.042877576869102985,0.03916991200904629,0.038117886251821664,0.03670749416558472,0.03565931909596398,0.03472212574394273,0.03383529484878478,0.03299159617724379,0.031741800654522256,0.031068496285603597,0.030684179576275783,0.030121569954044247,0.029011806487397873,0.028356963534706292,0.027363047823908637,0.026697901900033738,0.026450889618549578,0.02587041841449622,0.024704922064647805,0.02430489222137644,0.023376036598157457,0.02253572214387556,0.021845924182923637,0.02137832101405479,0.02088861809708309,0.02028695712873163,0.019686151609555003,0.019058974763865644,0.018699957557410496,0.018182143574706267,0.017903903348949646,0.017387746546529748,0.016763952337519594,0.016203784036507907,0.015925637148221927,0.015784588634280672,0.014977258133547888
balanced5_rf,codex-m,0.3023492619468404,0.09513478039637335,0.06036676156912746,0.044866077674846405,0.035096222249184406,0.032011988023700644,0.029461431234312885,0.02605843935903618,0.025715729437284507,0.02259302811845454,0.021026053762671637,0.019519551409515445,0.019871511891418336,0.020265983353130457,0.02094599247593054,0.02139691482407291,0.021728257222585867,0.021147004997786656,0.021164254815952743,0.021716279983503783,0.020462153626998214,0.02025330214517118,0.020381724334925355,0.01945713417607209,0.01897686526501019,0.019258403062564877,0.018418412887866387,0.017771973923173867,0.016517381695115185,0.0159122224881858,0.015364993251187453,0.014621664021287284,0.013792733142986124,0.013212555301955087,0.01261383452714293,0.012318610587237044,0.01176609324763156,0.010999982380441198,0.010416360529642787,0.010030944095451355,0.009834748207963484,0.009077096921155103,0.008536434857549846,0.008629837964787113,0.008314455089692085,0.007919964088447973,0.007726568536842615,0.007811088744554162,0.007556856576453219,0.0075604315685129375
balanced5_rf,hetionet,0.7458189756452669,0.5501801267675959,0.45696272075652145,0.37300984002817184,0.3170809563391901,0.2798561479767232,0.25274919392109396,0.23160298694423553,0.2077584787164466,0.18558847347465424,0.16367007803512612,0.14804128567546604,0.13765383570273748,0.1293054415405943,0.12192729581615258,0.11545581264594706,0.11011782017796246,0.10448469854570752,0.09955611820759636,0.0948129122705168,0.0902860298542163,0.08625510434818384,0.08242224606160464,0.07890993789741874,0.07545620182209745,0.07222954557347161,0.06994743961353289,0.0675713796696793,0.065789407935535,0.06509369643177831,0.06460257939340641,0.0642531994936617,0.0638049425287579,0.0632674875123731,0.06282067150636372,0.06230604727081013,0.06186483397093534,0.061259209297757744,0.06053588296105117,0.0599088675330004,0.05939006406941538,0.05879725184021356,0.058327497695186636,0.057327502086930604,0.05644796674077024,0.055560125980426145,0.054599104472693005,0.05327507950482979,0.05171184973246756,0.045910967701216165
